Name	,	Latitude	,	Longitude	,	Time
User 1	,	39.984523	,	116.315823	,	2:54:25
User 1	,	39.984574	,	116.315611	,	2:54:30
User 1	,	39.984568	,	116.315407	,	2:54:35
User 1	,	39.984538	,	116.315148	,	2:54:40
User 1	,	39.984501	,	116.314907	,	2:54:45
User 1	,	39.984532	,	116.314808	,	2:54:50
User 1	,	39.984504	,	116.314625	,	2:54:55
User 1	,	39.984485	,	116.314426	,	2:55:00
User 1	,	39.984427	,	116.31424	,	2:55:05
User 1	,	39.984485	,	116.314042	,	2:55:10
User 1	,	39.98448	,	116.313818	,	2:55:15
User 1	,	39.984501	,	116.313659	,	2:55:20
User 1	,	39.984618	,	116.314323	,	2:55:25
User 1	,	39.984649	,	116.314107	,	2:55:30
User 1	,	39.984621	,	116.313941	,	2:55:35
User 1	,	39.984655	,	116.313724	,	2:55:40
User 1	,	39.984681	,	116.313521	,	2:55:45
User 1	,	39.984708	,	116.313311	,	2:55:50
User 1	,	39.984708	,	116.313099	,	2:55:55
User 1	,	39.984696	,	116.312921	,	2:56:00
User 1	,	39.984677	,	116.312746	,	2:56:05
User 1	,	39.984682	,	116.312525	,	2:56:10
User 1	,	39.984649	,	116.312332	,	2:56:15
User 1	,	39.984641	,	116.312123	,	2:56:20
User 1	,	39.984647	,	116.311917	,	2:56:25
User 1	,	39.984654	,	116.31172	,	2:56:30
User 1	,	39.984631	,	116.311569	,	2:56:35
User 1	,	39.984647	,	116.31138	,	2:56:40
User 1	,	39.984653	,	116.311189	,	2:56:45
User 1	,	39.984628	,	116.311026	,	2:56:50
User 1	,	39.984652	,	116.310854	,	2:56:55
User 1	,	39.984656	,	116.31066	,	2:57:00
User 1	,	39.984616	,	116.310534	,	2:57:05
User 1	,	39.984676	,	116.31033	,	2:57:10
User 1	,	39.984698	,	116.310063	,	2:57:15
User 1	,	39.984696	,	116.309937	,	2:57:20
User 1	,	39.984663	,	116.309851	,	2:57:25
User 1	,	39.984598	,	116.309749	,	2:57:30
User 1	,	39.98454	,	116.309656	,	2:57:35
User 1	,	39.984525	,	116.309503	,	2:57:40
User 1	,	39.984498	,	116.309348	,	2:57:45
User 1	,	39.984481	,	116.309173	,	2:57:50
User 1	,	39.984489	,	116.308993	,	2:57:55
User 1	,	39.98447	,	116.308827	,	2:58:00
User 1	,	39.98449	,	116.308638	,	2:58:05
User 1	,	39.98449	,	116.308485	,	2:58:10
User 1	,	39.984494	,	116.308351	,	2:58:15
User 1	,	39.984499	,	116.308201	,	2:58:20
User 1	,	39.984484	,	116.308049	,	2:58:25
User 1	,	39.984491	,	116.307902	,	2:58:30
User 1	,	39.984499	,	116.307809	,	2:58:35
User 1	,	39.984472	,	116.307687	,	2:58:40
User 1	,	39.984493	,	116.307548	,	2:58:45
User 1	,	39.984488	,	116.307434	,	2:58:50
User 1	,	39.984427	,	116.307292	,	2:58:55
User 1	,	39.984428	,	116.307126	,	2:59:00
User 1	,	39.984432	,	116.306943	,	2:59:05
User 1	,	39.984425	,	116.306801	,	2:59:10
User 1	,	39.984438	,	116.306633	,	2:59:15
User 1	,	39.984462	,	116.306486	,	2:59:20
User 1	,	39.984466	,	116.3063	,	2:59:25
User 1	,	39.984456	,	116.306047	,	2:59:30
User 1	,	39.984454	,	116.305854	,	2:59:35
User 1	,	39.984412	,	116.305682	,	2:59:40
User 1	,	39.98441	,	116.305466	,	2:59:45
User 1	,	39.984406	,	116.305281	,	2:59:50
User 1	,	39.984393	,	116.305023	,	2:59:55
User 1	,	39.984356	,	116.304909	,	3:00:00
User 1	,	39.984352	,	116.304704	,	3:00:05
User 1	,	39.984338	,	116.304543	,	3:00:10
User 1	,	39.984338	,	116.304315	,	3:00:15
User 1	,	39.984349	,	116.304083	,	3:00:20
User 1	,	39.984368	,	116.303934	,	3:00:25
User 1	,	39.984437	,	116.303813	,	3:00:30
User 1	,	39.984429	,	116.303672	,	3:00:35
User 1	,	39.984342	,	116.303444	,	3:00:40
User 1	,	39.984365	,	116.303298	,	3:00:45
User 1	,	39.984368	,	116.303132	,	3:00:50
User 1	,	39.984385	,	116.30292	,	3:00:55
User 1	,	39.98438	,	116.302754	,	3:01:00
User 1	,	39.984346	,	116.302601	,	3:01:05
User 1	,	39.984303	,	116.302457	,	3:01:10
User 1	,	39.984344	,	116.302271	,	3:01:15
User 1	,	39.984341	,	116.302094	,	3:01:20
User 1	,	39.984359	,	116.301888	,	3:01:25
User 1	,	39.984379	,	116.301693	,	3:01:30
User 1	,	39.984345	,	116.3015	,	3:01:35
User 1	,	39.984345	,	116.301309	,	3:01:40
User 1	,	39.984338	,	116.301107	,	3:01:45
User 1	,	39.984344	,	116.300877	,	3:01:50
User 1	,	39.984278	,	116.300674	,	3:01:55
User 1	,	39.984276	,	116.300462	,	3:02:00
User 1	,	39.984278	,	116.300307	,	3:02:05
User 1	,	39.984252	,	116.300156	,	3:02:10
User 1	,	39.984288	,	116.299943	,	3:02:15
User 1	,	39.984283	,	116.29981	,	3:02:20
User 1	,	39.984335	,	116.299744	,	3:02:25
User 1	,	39.984312	,	116.299703	,	3:02:30
User 1	,	39.984177	,	116.299699	,	3:02:35
User 1	,	39.98414	,	116.299697	,	3:02:40
User 1	,	39.984204	,	116.299721	,	3:02:45
User 1	,	39.984258	,	116.299736	,	3:02:50
User 1	,	39.984031	,	116.299573	,	3:02:55
User 1	,	39.98379	,	116.299578	,	3:03:00
User 1	,	39.983726	,	116.299566	,	3:03:05
User 1	,	39.983692	,	116.299496	,	3:03:10
User 1	,	39.983685	,	116.299476	,	3:03:15
User 1	,	39.983639	,	116.299425	,	3:03:20
User 1	,	39.983629	,	116.299353	,	3:03:25
User 1	,	39.983641	,	116.299279	,	3:03:30
User 1	,	39.983557	,	116.299235	,	3:03:35
User 1	,	39.983509	,	116.299238	,	3:03:40
User 1	,	39.983413	,	116.299267	,	3:03:45
User 1	,	39.983353	,	116.299305	,	3:03:50
User 1	,	39.983337	,	116.299321	,	3:03:55
User 1	,	39.9833	,	116.299314	,	3:04:00
User 1	,	39.9833	,	116.299314	,	3:04:03
User 1	,	39.983304	,	116.299307	,	3:04:05
User 1	,	39.983279	,	116.299311	,	3:04:10
User 1	,	39.983302	,	116.299302	,	3:04:15
User 1	,	39.983276	,	116.299265	,	3:04:20
User 1	,	39.983322	,	116.299191	,	3:04:25
User 1	,	39.983403	,	116.299147	,	3:04:30
User 1	,	39.983548	,	116.299083	,	3:04:35
User 1	,	39.983675	,	116.299031	,	3:04:40
User 1	,	39.983663	,	116.298932	,	3:04:45
User 1	,	39.983533	,	116.298903	,	3:04:50
User 1	,	39.98359	,	116.298869	,	3:04:55
User 1	,	39.983723	,	116.298825	,	3:05:00
User 1	,	39.983902	,	116.298773	,	3:05:05
User 1	,	39.984045	,	116.298725	,	3:05:10
User 1	,	39.984019	,	116.298663	,	3:05:15
User 1	,	39.995777	,	116.286798	,	4:08:07
User 1	,	39.996832	,	116.285446	,	4:08:12
User 1	,	39.984397	,	116.299292	,	4:08:42
User 1	,	39.984426	,	116.299329	,	4:08:47
User 1	,	39.984499	,	116.299413	,	4:08:52
User 1	,	39.984424	,	116.299467	,	4:08:57
User 1	,	39.98441	,	116.299477	,	4:09:02
User 1	,	39.984421	,	116.299569	,	4:09:07
User 1	,	39.984518	,	116.29953	,	4:09:12
User 1	,	39.984488	,	116.299645	,	4:09:17
User 1	,	39.98454	,	116.299523	,	4:09:22
User 1	,	39.98446	,	116.299528	,	4:09:27
User 1	,	39.984463	,	116.299508	,	4:09:32
User 1	,	39.984501	,	116.299473	,	4:09:37
User 1	,	39.984532	,	116.299451	,	4:09:42
User 1	,	39.984532	,	116.299451	,	4:09:45
User 1	,	39.984527	,	116.299451	,	4:09:47
User 1	,	39.984517	,	116.299447	,	4:09:52
User 1	,	39.984509	,	116.299438	,	4:09:57
User 1	,	39.984497	,	116.299411	,	4:10:02
User 1	,	39.984499	,	116.299405	,	4:10:07
User 1	,	39.984498	,	116.299407	,	4:10:12
User 1	,	39.984498	,	116.299407	,	4:10:15
User 1	,	39.984493	,	116.299412	,	4:10:17
User 1	,	39.984498	,	116.299466	,	4:10:22
User 1	,	39.984546	,	116.29941	,	4:10:27
User 1	,	39.984638	,	116.299318	,	4:10:32
User 1	,	39.98473	,	116.299315	,	4:10:37
User 1	,	39.984753	,	116.299305	,	4:10:42
User 1	,	39.984789	,	116.299297	,	4:10:47
User 1	,	39.984795	,	116.299391	,	4:10:52
User 1	,	39.984778	,	116.299504	,	4:10:57
User 1	,	39.984743	,	116.299617	,	4:11:02
User 1	,	39.984671	,	116.299625	,	4:11:07
User 1	,	39.984694	,	116.299536	,	4:11:12
User 1	,	39.984733	,	116.29952	,	4:11:17
User 1	,	39.983841	,	116.299902	,	4:11:22
User 1	,	39.983861	,	116.300177	,	4:11:27
User 1	,	39.983842	,	116.300329	,	4:11:32
User 1	,	39.983984	,	116.300308	,	4:11:37
User 1	,	39.984126	,	116.300188	,	4:11:42
User 1	,	39.984246	,	116.300058	,	4:11:47
User 1	,	39.984373	,	116.300019	,	4:11:52
User 1	,	39.984533	,	116.300043	,	4:11:57
User 1	,	39.984723	,	116.300058	,	4:12:02
User 1	,	39.984789	,	116.300151	,	4:12:07
User 1	,	39.984837	,	116.300216	,	4:12:12
User 1	,	39.984859	,	116.300332	,	4:12:17
User 1	,	39.984888	,	116.300514	,	4:12:22
User 1	,	39.984896	,	116.300689	,	4:12:27
User 1	,	39.984905	,	116.300885	,	4:12:32
User 1	,	39.984911	,	116.301049	,	4:12:37
User 1	,	39.984925	,	116.301221	,	4:12:42
User 1	,	39.98493	,	116.301391	,	4:12:47
User 1	,	39.984938	,	116.301568	,	4:12:52
User 1	,	39.984948	,	116.301741	,	4:12:57
User 1	,	39.984945	,	116.301915	,	4:13:02
User 1	,	39.984953	,	116.302055	,	4:13:07
User 1	,	39.984953	,	116.302264	,	4:13:12
User 1	,	39.98496	,	116.302488	,	4:13:17
User 1	,	39.984973	,	116.302679	,	4:13:22
User 1	,	39.984983	,	116.30286	,	4:13:27
User 1	,	39.985009	,	116.303037	,	4:13:32
User 1	,	39.985043	,	116.303258	,	4:13:37
User 1	,	39.98503	,	116.303496	,	4:13:42
User 1	,	39.985039	,	116.303685	,	4:13:47
User 1	,	39.985028	,	116.303884	,	4:13:52
User 1	,	39.984993	,	116.304067	,	4:13:57
User 1	,	39.985027	,	116.304163	,	4:14:02
User 1	,	39.985038	,	116.30426	,	4:14:07
User 1	,	39.985042	,	116.304459	,	4:14:12
User 1	,	39.985029	,	116.304647	,	4:14:17
User 1	,	39.985023	,	116.304811	,	4:14:22
User 1	,	39.985031	,	116.304927	,	4:14:27
User 1	,	39.985082	,	116.305192	,	4:14:32
User 1	,	39.985105	,	116.305348	,	4:14:37
User 1	,	39.985132	,	116.305499	,	4:14:42
User 1	,	39.985169	,	116.305649	,	4:14:47
User 1	,	39.985135	,	116.305834	,	4:14:52
User 1	,	39.985146	,	116.305984	,	4:14:57
User 1	,	39.985131	,	116.306178	,	4:15:02
User 1	,	39.985127	,	116.306363	,	4:15:07
User 1	,	39.985135	,	116.306531	,	4:15:12
User 1	,	39.985157	,	116.306711	,	4:15:17
User 1	,	39.98517	,	116.306893	,	4:15:22
User 1	,	39.985154	,	116.307092	,	4:15:27
User 1	,	39.985184	,	116.307341	,	4:15:32
User 1	,	39.98521	,	116.30751	,	4:15:37
User 1	,	39.985231	,	116.307633	,	4:15:42
User 1	,	39.98526	,	116.307735	,	4:15:47
User 1	,	39.98524	,	116.307933	,	4:15:52
User 1	,	39.985225	,	116.308133	,	4:15:57
User 1	,	39.985256	,	116.308313	,	4:16:02
User 1	,	39.985218	,	116.308579	,	4:16:07
User 1	,	39.985201	,	116.308774	,	4:16:12
User 1	,	39.985203	,	116.30898	,	4:16:17
User 1	,	39.985221	,	116.309152	,	4:16:22
User 1	,	39.985194	,	116.30931	,	4:16:27
User 1	,	39.985161	,	116.309494	,	4:16:32
User 1	,	39.98519	,	116.309701	,	4:16:37
User 1	,	39.985202	,	116.309888	,	4:16:42
User 1	,	39.985282	,	116.30998	,	4:16:47
User 1	,	39.985443	,	116.30998	,	4:16:52
User 1	,	39.985579	,	116.309969	,	4:16:57
User 1	,	39.985721	,	116.309961	,	4:17:02
User 1	,	39.98584	,	116.309941	,	4:17:07
User 1	,	39.98595	,	116.309978	,	4:17:12
User 1	,	39.986051	,	116.310034	,	4:17:17
User 1	,	39.986174	,	116.310025	,	4:17:22
User 1	,	39.986305	,	116.309956	,	4:17:27
User 1	,	39.986461	,	116.309885	,	4:17:32
User 1	,	39.986611	,	116.309862	,	4:17:37
User 1	,	39.986697	,	116.309893	,	4:17:42
User 1	,	39.986793	,	116.309956	,	4:17:47
User 1	,	39.986929	,	116.309974	,	4:17:52
User 1	,	39.987073	,	116.309987	,	4:17:57
User 1	,	39.987211	,	116.310004	,	4:18:02
User 1	,	39.987325	,	116.31007	,	4:18:07
User 1	,	39.987458	,	116.310084	,	4:18:12
User 1	,	39.987591	,	116.310088	,	4:18:17
User 1	,	39.987747	,	116.310049	,	4:18:22
User 1	,	39.987884	,	116.310027	,	4:18:27
User 1	,	39.988008	,	116.310059	,	4:18:32
User 1	,	39.988111	,	116.310052	,	4:18:37
User 1	,	39.988293	,	116.309902	,	4:18:42
User 1	,	39.988397	,	116.309931	,	4:18:47
User 1	,	39.988553	,	116.309866	,	4:18:52
User 1	,	39.988679	,	116.309824	,	4:18:57
User 1	,	39.988772	,	116.309784	,	4:19:02
User 1	,	39.988901	,	116.309793	,	4:19:07
User 1	,	39.989029	,	116.309833	,	4:19:12
User 1	,	39.989173	,	116.309866	,	4:19:17
User 1	,	39.989287	,	116.309905	,	4:19:22
User 1	,	39.989392	,	116.309949	,	4:19:27
User 1	,	39.989519	,	116.310031	,	4:19:32
User 1	,	39.989628	,	116.310049	,	4:19:37
User 1	,	39.989762	,	116.310024	,	4:19:42
User 1	,	39.989838	,	116.310098	,	4:19:47
User 1	,	39.989981	,	116.310115	,	4:19:52
User 1	,	39.990089	,	116.310169	,	4:19:57
User 1	,	39.990219	,	116.310215	,	4:20:02
User 1	,	39.990325	,	116.310258	,	4:20:07
User 1	,	39.990406	,	116.310277	,	4:20:12
User 1	,	39.99056	,	116.31019	,	4:20:17
User 1	,	39.99065	,	116.310134	,	4:20:22
User 1	,	39.990693	,	116.310114	,	4:20:27
User 1	,	39.990696	,	116.310111	,	4:20:32
User 1	,	39.990698	,	116.310105	,	4:20:37
User 1	,	39.990698	,	116.310103	,	4:20:42
User 1	,	39.990696	,	116.310101	,	4:20:47
User 1	,	39.990695	,	116.310095	,	4:20:52
User 1	,	39.990692	,	116.310092	,	4:20:57
User 1	,	39.99069	,	116.31009	,	4:21:02
User 1	,	39.990689	,	116.310088	,	4:21:07
User 1	,	39.990689	,	116.310087	,	4:21:12
User 1	,	39.990689	,	116.310087	,	4:21:15
User 1	,	39.990696	,	116.31009	,	4:21:17
User 1	,	39.990743	,	116.310066	,	4:21:22
User 1	,	39.990793	,	116.310109	,	4:21:27
User 1	,	39.990837	,	116.310205	,	4:21:32
User 1	,	39.990873	,	116.310318	,	4:21:37
User 1	,	39.990887	,	116.310479	,	4:21:42
User 1	,	39.990874	,	116.310657	,	4:21:47
User 1	,	39.990906	,	116.310827	,	4:21:52
User 1	,	39.990921	,	116.310971	,	4:21:57
User 1	,	39.990933	,	116.311149	,	4:22:02
User 1	,	39.990969	,	116.311312	,	4:22:07
User 1	,	39.990994	,	116.311507	,	4:22:12
User 1	,	39.991014	,	116.311693	,	4:22:17
User 1	,	39.99101	,	116.311915	,	4:22:22
User 1	,	39.991033	,	116.312107	,	4:22:27
User 1	,	39.991055	,	116.312282	,	4:22:32
User 1	,	39.991058	,	116.312473	,	4:22:37
User 1	,	39.991032	,	116.312666	,	4:22:42
User 1	,	39.991024	,	116.312853	,	4:22:47
User 1	,	39.991022	,	116.313047	,	4:22:52
User 1	,	39.991018	,	116.313244	,	4:22:57
User 1	,	39.991016	,	116.313469	,	4:23:02
User 1	,	39.991035	,	116.313681	,	4:23:07
User 1	,	39.991063	,	116.31384	,	4:23:12
User 1	,	39.991072	,	116.31403	,	4:23:17
User 1	,	39.991068	,	116.314209	,	4:23:22
User 1	,	39.991095	,	116.314385	,	4:23:27
User 1	,	39.991113	,	116.314596	,	4:23:32
User 1	,	39.991128	,	116.314797	,	4:23:37
User 1	,	39.991127	,	116.315003	,	4:23:42
User 1	,	39.991148	,	116.315193	,	4:23:47
User 1	,	39.991176	,	116.315342	,	4:23:52
User 1	,	39.991215	,	116.315529	,	4:23:57
User 1	,	39.991209	,	116.315643	,	4:24:02
User 1	,	39.991191	,	116.31579	,	4:24:07
User 1	,	39.991188	,	116.315958	,	4:24:12
User 1	,	39.991189	,	116.316172	,	4:24:17
User 1	,	39.991186	,	116.316381	,	4:24:22
User 1	,	39.991194	,	116.316575	,	4:24:27
User 1	,	39.991208	,	116.316756	,	4:24:32
User 1	,	39.99122	,	116.316999	,	4:24:37
User 1	,	39.991197	,	116.317235	,	4:24:42
User 1	,	39.991183	,	116.317452	,	4:24:47
User 1	,	39.991164	,	116.317661	,	4:24:52
User 1	,	39.991187	,	116.317874	,	4:24:57
User 1	,	39.991179	,	116.318083	,	4:25:02
User 1	,	39.991132	,	116.318231	,	4:25:07
User 1	,	39.991169	,	116.31848	,	4:25:12
User 1	,	39.991183	,	116.318691	,	4:25:17
User 1	,	39.991204	,	116.318904	,	4:25:22
User 1	,	39.991201	,	116.319098	,	4:25:27
User 1	,	39.991194	,	116.319315	,	4:25:32
User 1	,	39.991187	,	116.31949	,	4:25:37
User 1	,	39.991206	,	116.319683	,	4:25:42
User 1	,	39.991239	,	116.319866	,	4:25:47
User 1	,	39.991258	,	116.320062	,	4:25:52
User 1	,	39.991282	,	116.320255	,	4:25:57
User 1	,	39.991288	,	116.320445	,	4:26:02
User 1	,	39.991308	,	116.320622	,	4:26:07
User 1	,	39.991325	,	116.320803	,	4:26:12
User 1	,	39.991352	,	116.321002	,	4:26:17
User 1	,	39.991382	,	116.321179	,	4:26:22
User 1	,	39.991388	,	116.321384	,	4:26:27
User 1	,	39.991389	,	116.321583	,	4:26:32
User 1	,	39.991368	,	116.321736	,	4:26:37
User 1	,	39.99141	,	116.321874	,	4:26:42
User 1	,	39.991412	,	116.322004	,	4:26:47
User 1	,	39.991406	,	116.322176	,	4:26:52
User 1	,	39.991403	,	116.322296	,	4:26:57
User 1	,	39.991401	,	116.322436	,	4:27:02
User 1	,	39.991477	,	116.322668	,	4:27:07
User 1	,	39.991591	,	116.322784	,	4:27:12
User 1	,	39.991716	,	116.322778	,	4:27:17
User 1	,	39.991863	,	116.322774	,	4:27:22
User 1	,	39.992007	,	116.322784	,	4:27:27
User 1	,	39.992201	,	116.322812	,	4:27:32
User 1	,	39.992365	,	116.3228	,	4:27:37
User 1	,	39.992456	,	116.322797	,	4:27:42
User 1	,	39.9926	,	116.32281	,	4:27:47
User 1	,	39.992777	,	116.322891	,	4:27:52
User 1	,	39.992883	,	116.322891	,	4:27:57
User 1	,	39.993001	,	116.322713	,	4:28:02
User 1	,	39.993077	,	116.322617	,	4:28:07
User 1	,	39.993222	,	116.322651	,	4:28:12
User 1	,	39.993429	,	116.32276	,	4:28:17
User 1	,	39.993535	,	116.322744	,	4:28:22
User 1	,	39.99364	,	116.322658	,	4:28:27
User 1	,	39.993796	,	116.322579	,	4:28:32
User 1	,	39.994055	,	116.322804	,	4:28:37
User 1	,	39.994175	,	116.322829	,	4:28:42
User 1	,	39.994276	,	116.322786	,	4:28:47
User 1	,	39.994471	,	116.322763	,	4:28:52
User 1	,	39.994648	,	116.322723	,	4:28:57
User 1	,	39.99481	,	116.322641	,	4:29:02
User 1	,	39.994946	,	116.322625	,	4:29:07
User 1	,	39.995093	,	116.32262	,	4:29:12
User 1	,	39.995235	,	116.322606	,	4:29:17
User 1	,	39.995392	,	116.322607	,	4:29:22
User 1	,	39.995567	,	116.322533	,	4:29:27
User 1	,	39.995718	,	116.32252	,	4:29:32
User 1	,	39.995852	,	116.322517	,	4:29:37
User 1	,	39.995993	,	116.322556	,	4:29:42
User 1	,	39.99611	,	116.322544	,	4:29:47
User 1	,	39.996234	,	116.322552	,	4:29:52
User 1	,	39.996392	,	116.322481	,	4:29:57
User 1	,	39.996534	,	116.322464	,	4:30:02
User 1	,	39.996632	,	116.322425	,	4:30:07
User 1	,	39.996645	,	116.322412	,	4:30:12
User 1	,	39.996725	,	116.322348	,	4:30:17
User 1	,	39.996881	,	116.322337	,	4:30:22
User 1	,	39.997081	,	116.322428	,	4:30:27
User 1	,	39.997277	,	116.322428	,	4:30:32
User 1	,	39.997592	,	116.322314	,	4:30:37
User 1	,	39.99775	,	116.322301	,	4:30:42
User 1	,	39.997865	,	116.322317	,	4:30:47
User 1	,	39.997988	,	116.32231	,	4:30:52
User 1	,	39.998151	,	116.322261	,	4:30:57
User 1	,	39.998307	,	116.322268	,	4:31:02
User 1	,	39.998452	,	116.322236	,	4:31:07
User 1	,	39.998603	,	116.322225	,	4:31:12
User 1	,	39.998753	,	116.322225	,	4:31:17
User 1	,	39.998895	,	116.322254	,	4:31:22
User 1	,	39.999078	,	116.322196	,	4:31:27
User 1	,	39.999218	,	116.322176	,	4:31:32
User 1	,	39.999364	,	116.322161	,	4:31:37
User 1	,	39.999484	,	116.322148	,	4:31:42
User 1	,	39.999607	,	116.322178	,	4:31:47
User 1	,	39.999602	,	116.322324	,	4:31:52
User 1	,	39.999603	,	116.322434	,	4:31:57
User 1	,	39.999586	,	116.322587	,	4:32:02
User 1	,	39.999573	,	116.32276	,	4:32:07
User 1	,	39.999572	,	116.322932	,	4:32:12
User 1	,	39.999565	,	116.323134	,	4:32:17
User 1	,	39.999569	,	116.32328	,	4:32:22
User 1	,	39.999575	,	116.323448	,	4:32:27
User 1	,	39.999568	,	116.323605	,	4:32:32
User 1	,	39.999558	,	116.323605	,	4:32:37
User 1	,	39.999581	,	116.323732	,	4:32:42
User 1	,	39.999653	,	116.324069	,	4:32:47
User 1	,	39.999678	,	116.324258	,	4:32:52
User 1	,	39.999646	,	116.324405	,	4:32:57
User 1	,	39.999676	,	116.324452	,	4:33:02
User 1	,	39.999678	,	116.324453	,	4:33:07
User 1	,	39.999682	,	116.324455	,	4:33:12
User 1	,	39.999682	,	116.324455	,	4:33:15
User 1	,	39.999676	,	116.324456	,	4:33:17
User 1	,	39.999641	,	116.32451	,	4:33:22
User 1	,	39.999662	,	116.324481	,	4:33:27
User 1	,	39.999651	,	116.324477	,	4:33:32
User 1	,	39.999664	,	116.324493	,	4:33:37
User 1	,	39.999684	,	116.324511	,	4:33:42
User 1	,	39.999684	,	116.324511	,	4:33:45
User 1	,	39.999678	,	116.324511	,	4:33:47
User 1	,	39.999667	,	116.324512	,	4:33:52
User 1	,	39.999655	,	116.324513	,	4:33:57
User 1	,	39.999703	,	116.324496	,	4:34:02
User 1	,	39.99956	,	116.324498	,	4:34:07
User 1	,	39.999506	,	116.324545	,	4:34:12
User 1	,	39.999516	,	116.324531	,	4:34:17
User 1	,	39.999567	,	116.324478	,	4:34:22
User 1	,	39.999573	,	116.3246	,	4:34:27
User 1	,	39.999538	,	116.324639	,	4:34:32
User 1	,	39.999598	,	116.324684	,	4:34:37
User 1	,	39.999666	,	116.324722	,	4:34:42
User 1	,	39.999729	,	116.324801	,	4:34:47
User 1	,	39.999769	,	116.324886	,	4:34:52
User 1	,	40.004775	,	116.320158	,	9:42:25
User 1	,	40.004783	,	116.320388	,	9:42:30
User 1	,	40.004799	,	116.320545	,	9:42:35
User 1	,	40.004835	,	116.320683	,	9:42:40
User 1	,	40.004851	,	116.320835	,	9:42:45
User 1	,	40.004868	,	116.32101	,	9:42:50
User 1	,	40.004849	,	116.321153	,	9:42:55
User 1	,	40.004879	,	116.321277	,	9:43:00
User 1	,	40.004962	,	116.321318	,	9:43:05
User 1	,	40.005088	,	116.32128	,	9:43:10
User 1	,	40.00525	,	116.32126	,	9:43:15
User 1	,	40.005455	,	116.321389	,	9:43:20
User 1	,	40.005621	,	116.321455	,	9:43:25
User 1	,	40.005738	,	116.321491	,	9:43:30
User 1	,	40.005883	,	116.321518	,	9:43:35
User 1	,	40.006051	,	116.321521	,	9:43:40
User 1	,	40.006178	,	116.321463	,	9:43:45
User 1	,	40.00633	,	116.321461	,	9:43:50
User 1	,	40.006482	,	116.321474	,	9:43:55
User 1	,	40.006631	,	116.321459	,	9:44:00
User 1	,	40.006813	,	116.321447	,	9:44:05
User 1	,	40.006974	,	116.321454	,	9:44:10
User 1	,	40.007122	,	116.321396	,	9:44:15
User 1	,	40.007235	,	116.321356	,	9:44:20
User 1	,	40.00741	,	116.321395	,	9:44:25
User 1	,	40.007571	,	116.321412	,	9:44:30
User 1	,	40.007715	,	116.321414	,	9:44:35
User 1	,	40.007862	,	116.321426	,	9:44:40
User 1	,	40.008034	,	116.321437	,	9:44:45
User 1	,	40.00817	,	116.321441	,	9:44:50
User 1	,	40.008337	,	116.321425	,	9:44:55
User 1	,	40.008515	,	116.321421	,	9:45:00
User 1	,	40.008668	,	116.321446	,	9:45:05
User 1	,	40.008782	,	116.321443	,	9:45:10
User 1	,	40.008843	,	116.321385	,	9:45:15
User 1	,	40.008884	,	116.321402	,	9:45:20
User 1	,	40.00895	,	116.321449	,	9:45:25
User 1	,	40.009006	,	116.321502	,	9:45:30
User 1	,	40.009026	,	116.321564	,	9:45:35
User 1	,	40.009011	,	116.321623	,	9:45:40
User 1	,	40.009021	,	116.321625	,	9:45:45
User 1	,	40.009021	,	116.321625	,	9:45:48
User 1	,	40.00902	,	116.321631	,	9:45:50
User 1	,	40.009013	,	116.321659	,	9:45:55
User 1	,	40.008921	,	116.321484	,	9:49:20
User 1	,	40.008582	,	116.322217	,	9:49:40
User 1	,	40.008481	,	116.32244	,	9:49:45
User 1	,	40.008496	,	116.322406	,	9:49:50
User 1	,	40.00888	,	116.321628	,	9:49:55
User 1	,	40.00898	,	116.321587	,	9:50:00
User 1	,	40.00898	,	116.321544	,	9:50:05
User 1	,	40.008984	,	116.321525	,	9:50:10
User 1	,	40.008984	,	116.321525	,	9:50:13
User 1	,	40.008982	,	116.321517	,	9:50:15
User 1	,	40.008958	,	116.321457	,	9:50:20
User 1	,	40.008971	,	116.321436	,	9:50:25
User 1	,	40.009022	,	116.321434	,	9:50:30
User 1	,	40.009025	,	116.321374	,	9:50:35
User 1	,	40.00903	,	116.321397	,	9:50:40
User 1	,	40.009062	,	116.321462	,	9:50:45
User 1	,	40.009081	,	116.321486	,	9:50:50
User 1	,	40.00908	,	116.321479	,	9:50:55
User 1	,	40.00908	,	116.321479	,	9:50:58
User 1	,	40.009081	,	116.321481	,	9:51:00
User 1	,	40.009083	,	116.321491	,	9:51:05
User 1	,	40.009094	,	116.32152	,	9:51:10
User 1	,	40.009072	,	116.321585	,	9:51:15
User 1	,	40.009083	,	116.321467	,	9:51:20
User 1	,	40.00908	,	116.321442	,	9:51:25
User 1	,	40.009087	,	116.321453	,	9:51:30
User 1	,	40.009065	,	116.321479	,	9:51:35
User 1	,	40.009071	,	116.321517	,	9:51:40
User 1	,	40.009075	,	116.32156	,	9:51:45
User 1	,	40.009105	,	116.321616	,	9:51:50
User 1	,	40.00908	,	116.32156	,	9:51:55
User 1	,	40.009031	,	116.321491	,	9:52:00
User 1	,	40.008995	,	116.321407	,	9:52:05
User 1	,	40.008995	,	116.321407	,	9:52:08
User 1	,	40.008999	,	116.321412	,	9:52:10
User 1	,	40.008997	,	116.321399	,	9:52:15
User 1	,	40.008994	,	116.321389	,	9:52:20
User 1	,	40.008994	,	116.321389	,	9:52:23
User 1	,	40.008995	,	116.321392	,	9:52:25
User 1	,	40.009235	,	116.321472	,	9:52:30
User 1	,	40.009268	,	116.321446	,	9:52:35
User 1	,	40.00927	,	116.321447	,	9:52:40
User 1	,	40.00927	,	116.321447	,	9:52:43
User 1	,	40.009272	,	116.321451	,	9:52:45
User 1	,	40.00928	,	116.321473	,	9:52:50
User 1	,	40.009278	,	116.32147	,	9:52:51
User 1	,	40.009242	,	116.321445	,	9:52:56
User 1	,	40.009187	,	116.32143	,	9:53:01
User 1	,	40.009098	,	116.321437	,	9:53:06
User 1	,	40.009045	,	116.321485	,	9:53:11
User 1	,	40.009008	,	116.321449	,	9:53:16
User 1	,	40.008993	,	116.321501	,	9:53:21
User 1	,	40.009017	,	116.321558	,	9:53:26
User 1	,	40.008999	,	116.321511	,	9:53:31
User 1	,	40.008999	,	116.321511	,	9:53:34
User 1	,	40.008997	,	116.321518	,	9:53:36
User 1	,	40.008999	,	116.321537	,	9:53:41
User 1	,	40.009026	,	116.321518	,	9:53:46
User 1	,	40.009009	,	116.321499	,	9:53:51
User 1	,	40.009009	,	116.321499	,	9:53:54
User 1	,	40.009011	,	116.321506	,	9:53:56
User 1	,	40.009013	,	116.321522	,	9:54:01
User 1	,	40.009012	,	116.321576	,	9:54:06
User 1	,	40.009034	,	116.321569	,	9:54:11
User 1	,	40.009034	,	116.321569	,	9:54:14
User 1	,	40.009038	,	116.321575	,	9:54:16
User 1	,	40.009024	,	116.321614	,	9:54:21
User 1	,	40.009015	,	116.321526	,	9:54:26
User 1	,	40.008997	,	116.321432	,	9:54:31
User 1	,	40.008995	,	116.321455	,	9:54:36
User 1	,	40.008997	,	116.321485	,	9:54:41
User 1	,	40.009032	,	116.32151	,	9:54:46
User 1	,	40.009074	,	116.32148	,	9:54:51
User 1	,	40.009101	,	116.32153	,	9:54:56
User 1	,	40.009157	,	116.321596	,	9:55:01
User 1	,	40.009219	,	116.321657	,	9:55:06
User 1	,	40.009247	,	116.321721	,	9:55:11
User 1	,	40.009273	,	116.321781	,	9:55:16
User 1	,	40.009313	,	116.321871	,	9:55:21
User 1	,	40.009344	,	116.321952	,	9:55:26
User 1	,	40.009356	,	116.322007	,	9:55:31
User 1	,	40.009386	,	116.322103	,	9:55:36
User 1	,	40.009356	,	116.322121	,	9:55:41
User 1	,	40.009353	,	116.322135	,	9:55:46
User 1	,	40.009319	,	116.322152	,	9:55:51
User 1	,	40.009394	,	116.322162	,	9:55:56
User 1	,	40.009399	,	116.322179	,	9:56:01
User 1	,	40.009344	,	116.32219	,	9:56:06
User 1	,	40.009342	,	116.322177	,	9:56:11
User 1	,	40.009318	,	116.32219	,	9:56:16
User 1	,	40.009287	,	116.322206	,	9:56:21
User 1	,	40.00927	,	116.32222	,	9:56:26
User 1	,	40.009351	,	116.321916	,	10:02:04
User 1	,	40.009336	,	116.321838	,	10:02:09
User 1	,	40.009331	,	116.321811	,	10:02:14
User 1	,	40.009314	,	116.321823	,	10:02:19
User 1	,	40.009314	,	116.321833	,	10:02:24
User 1	,	40.009316	,	116.32185	,	10:02:29
User 1	,	40.009428	,	116.320888	,	10:03:39
User 1	,	40.008854	,	116.321493	,	10:03:44
User 1	,	40.008848	,	116.321349	,	10:03:49
User 1	,	40.008874	,	116.32116	,	10:03:54
User 1	,	40.008852	,	116.321109	,	10:03:59
User 1	,	40.008786	,	116.321037	,	10:04:04
User 1	,	40.008767	,	116.321012	,	10:04:09
User 1	,	40.008735	,	116.320977	,	10:04:14
User 1	,	40.008694	,	116.320964	,	10:04:19
User 1	,	40.008665	,	116.320937	,	10:04:24
User 1	,	40.008635	,	116.320886	,	10:04:29
User 1	,	40.008612	,	116.32083	,	10:04:34
User 1	,	40.008591	,	116.3208	,	10:04:39
User 1	,	40.008574	,	116.320772	,	10:04:44
User 1	,	40.008521	,	116.320688	,	10:04:49
User 1	,	40.008471	,	116.320669	,	10:04:54
User 1	,	40.008419	,	116.320654	,	10:04:59
User 1	,	40.008362	,	116.320619	,	10:05:04
User 1	,	40.008348	,	116.320573	,	10:05:09
User 1	,	40.008309	,	116.320547	,	10:05:14
User 1	,	40.008281	,	116.320543	,	10:05:19
User 1	,	40.008234	,	116.320499	,	10:05:24
User 1	,	40.008163	,	116.320473	,	10:05:29
User 1	,	40.008129	,	116.320418	,	10:05:34
User 1	,	40.008121	,	116.320359	,	10:05:39
User 1	,	40.008069	,	116.320335	,	10:05:44
User 1	,	40.008027	,	116.320309	,	10:05:49
User 1	,	40.00801	,	116.320287	,	10:05:54
User 1	,	40.007959	,	116.320241	,	10:05:59
User 1	,	40.007947	,	116.320238	,	10:06:04
User 1	,	40.007879	,	116.320237	,	10:06:09
User 1	,	40.007826	,	116.320239	,	10:06:14
User 1	,	40.007818	,	116.320239	,	10:06:19
User 1	,	40.007818	,	116.320239	,	10:06:22
User 1	,	40.007819	,	116.32024	,	10:06:24
User 1	,	40.007817	,	116.32023	,	10:06:29
User 1	,	40.007834	,	116.320181	,	10:06:34
User 1	,	40.007761	,	116.320093	,	10:06:39
User 1	,	40.007661	,	116.319986	,	10:06:44
User 1	,	40.007623	,	116.319953	,	10:06:49
User 1	,	40.007623	,	116.319953	,	10:06:52
User 1	,	40.007621	,	116.31995	,	10:06:54
User 1	,	40.007575	,	116.31987	,	10:06:59
User 1	,	40.007551	,	116.319732	,	10:07:04
User 1	,	40.007526	,	116.31965	,	10:07:09
User 1	,	40.007468	,	116.319517	,	10:07:14
User 1	,	40.007465	,	116.319506	,	10:07:19
User 1	,	40.007462	,	116.319493	,	10:07:21
User 1	,	40.007459	,	116.319436	,	10:07:26
User 1	,	40.007453	,	116.319403	,	10:07:31
User 1	,	40.007454	,	116.319391	,	10:07:36
User 1	,	40.007474	,	116.319376	,	10:07:41
User 1	,	40.0075	,	116.319364	,	10:07:46
User 1	,	40.007524	,	116.319357	,	10:07:51
User 1	,	40.007524	,	116.319321	,	10:07:56
User 1	,	40.007517	,	116.319312	,	10:08:01
User 1	,	40.007551	,	116.319307	,	10:08:06
User 1	,	40.007551	,	116.319307	,	10:08:09
User 1	,	40.007555	,	116.319313	,	10:08:11
User 1	,	40.00759	,	116.31934	,	10:08:16
User 1	,	40.00761	,	116.319355	,	10:08:21
User 1	,	40.007615	,	116.319369	,	10:08:26
User 1	,	40.007621	,	116.319385	,	10:08:31
User 1	,	40.007644	,	116.319403	,	10:08:36
User 1	,	40.007663	,	116.319417	,	10:08:41
User 1	,	40.007663	,	116.319417	,	10:08:44
User 1	,	40.007669	,	116.319414	,	10:08:46
User 1	,	40.007661	,	116.319384	,	10:08:51
User 1	,	40.007654	,	116.319321	,	10:08:56
User 1	,	40.007654	,	116.319266	,	10:09:01
User 1	,	40.00767	,	116.319215	,	10:09:06
User 1	,	40.007694	,	116.319181	,	10:09:11
User 1	,	40.007699	,	116.319151	,	10:09:16
User 1	,	40.007272	,	116.319756	,	10:09:26
User 1	,	40.007331	,	116.319657	,	10:09:31
User 1	,	40.007428	,	116.319432	,	10:09:41
User 1	,	40.007395	,	116.319354	,	10:09:46
User 1	,	40.007447	,	116.319379	,	10:09:51
User 1	,	40.007479	,	116.319371	,	10:09:56
User 1	,	40.007516	,	116.319316	,	10:10:01
User 1	,	40.007575	,	116.319238	,	10:10:06
User 1	,	40.007288	,	116.319088	,	10:10:31
User 1	,	40.007288	,	116.319088	,	10:10:34
User 1	,	40.007284	,	116.319084	,	10:10:36
User 1	,	40.007298	,	116.319036	,	10:10:41
User 1	,	40.007365	,	116.31903	,	10:10:46
User 1	,	40.007416	,	116.319007	,	10:10:51
User 1	,	40.007482	,	116.318957	,	10:10:56
User 1	,	40.007548	,	116.318852	,	10:11:01
User 1	,	40.007627	,	116.318775	,	10:11:06
User 1	,	40.007718	,	116.318705	,	10:11:11
User 1	,	40.007808	,	116.318623	,	10:11:16
User 1	,	40.007877	,	116.318546	,	10:11:21
User 1	,	40.007945	,	116.318487	,	10:11:26
User 1	,	40.00803	,	116.318444	,	10:11:31
User 1	,	40.008125	,	116.318365	,	10:11:36
User 1	,	40.008215	,	116.318248	,	10:11:41
User 1	,	40.008168	,	116.318293	,	10:11:46
User 1	,	40.008015	,	116.318471	,	10:11:51
User 1	,	40.008049	,	116.318444	,	10:11:56
User 1	,	40.008064	,	116.31838	,	10:12:01
User 1	,	40.008118	,	116.318326	,	10:12:06
User 1	,	40.008197	,	116.318275	,	10:12:11
User 1	,	40.008289	,	116.318251	,	10:12:16
User 1	,	40.008305	,	116.318267	,	10:12:21
User 1	,	40.008276	,	116.318339	,	10:12:26
User 1	,	40.008184	,	116.318474	,	10:12:31
User 1	,	40.008071	,	116.318568	,	10:12:36
User 1	,	40.007954	,	116.318639	,	10:12:41
User 1	,	40.007884	,	116.318684	,	10:12:46
User 1	,	40.007867	,	116.318699	,	10:12:51
User 1	,	40.007835	,	116.318706	,	10:12:56
User 1	,	40.007717	,	116.318842	,	10:13:01
User 1	,	40.007726	,	116.318826	,	10:13:06
User 1	,	40.007721	,	116.318792	,	10:13:11
User 1	,	40.007753	,	116.318741	,	10:13:16
User 1	,	40.007803	,	116.318672	,	10:13:21
User 1	,	40.007852	,	116.318565	,	10:13:26
User 1	,	40.007925	,	116.318494	,	10:13:31
User 1	,	40.008019	,	116.318455	,	10:13:36
User 1	,	40.006977	,	116.319607	,	10:14:21
User 1	,	40.007203	,	116.319334	,	10:14:26
User 1	,	40.00735	,	116.319131	,	10:14:31
User 1	,	40.007504	,	116.318956	,	10:14:36
User 1	,	40.007611	,	116.318793	,	10:14:41
User 1	,	40.007773	,	116.31865	,	10:14:46
User 1	,	40.007966	,	116.31854	,	10:14:51
User 1	,	40.007399	,	116.31912	,	10:15:06
User 1	,	40.007411	,	116.319124	,	10:15:11
User 1	,	40.00744	,	116.31909	,	10:15:16
User 1	,	40.007496	,	116.319085	,	10:15:21
User 1	,	40.00754	,	116.31909	,	10:15:26
User 1	,	40.007619	,	116.319094	,	10:15:31
User 1	,	40.007648	,	116.319041	,	10:15:36
User 1	,	40.007681	,	116.318962	,	10:15:41
User 1	,	40.007724	,	116.318892	,	10:15:46
User 1	,	40.007766	,	116.318825	,	10:15:51
User 1	,	40.007809	,	116.318799	,	10:15:56
User 1	,	40.007849	,	116.318754	,	10:16:01
User 1	,	40.007905	,	116.31869	,	10:16:06
User 1	,	40.007878	,	116.318784	,	10:18:11
User 1	,	40.007616	,	116.318863	,	10:18:16
User 1	,	40.007692	,	116.318817	,	10:18:21
User 1	,	40.007794	,	116.318827	,	10:18:26
User 1	,	40.007898	,	116.318829	,	10:18:31
User 1	,	40.007981	,	116.318788	,	10:18:36
User 1	,	40.008009	,	116.318763	,	10:18:41
User 1	,	40.008031	,	116.318756	,	10:18:46
User 1	,	40.008055	,	116.318753	,	10:18:51
User 1	,	40.008237	,	116.318816	,	10:18:56
User 1	,	40.008306	,	116.318941	,	10:19:01
User 1	,	40.008283	,	116.318897	,	10:19:06
User 1	,	40.0083	,	116.318936	,	10:19:11
User 1	,	40.007645	,	116.319454	,	10:19:16
User 1	,	40.007582	,	116.319409	,	10:19:21
User 1	,	40.007581	,	116.319385	,	10:19:26
User 1	,	40.007612	,	116.319403	,	10:19:31
User 1	,	40.007694	,	116.319429	,	10:19:36
User 1	,	40.007778	,	116.319475	,	10:19:41
User 1	,	40.007876	,	116.319505	,	10:19:46
User 1	,	40.007974	,	116.319529	,	10:19:51
User 1	,	40.008096	,	116.319537	,	10:19:56
User 1	,	40.008196	,	116.319549	,	10:20:01
User 1	,	40.008292	,	116.319591	,	10:20:06
User 1	,	40.008369	,	116.319618	,	10:20:11
User 1	,	40.008421	,	116.319597	,	10:20:16
User 1	,	40.008452	,	116.319548	,	10:20:21
User 1	,	40.008503	,	116.319525	,	10:20:26
User 1	,	40.008544	,	116.31949	,	10:20:31
User 1	,	40.008601	,	116.319482	,	10:20:36
User 1	,	40.008617	,	116.319483	,	10:20:41
User 1	,	40.008617	,	116.319483	,	10:20:44
User 1	,	40.008625	,	116.319489	,	10:20:46
User 1	,	40.00864	,	116.319488	,	10:20:56
User 1	,	40.008645	,	116.319484	,	10:21:01
User 1	,	40.008645	,	116.319484	,	10:21:04
User 1	,	40.008649	,	116.319481	,	10:21:06
User 1	,	40.008669	,	116.319455	,	10:21:16
User 1	,	40.006747	,	116.318549	,	10:26:35
User 1	,	40.006747	,	116.318549	,	10:26:43
User 1	,	40.006755	,	116.318544	,	10:26:45
User 1	,	40.006742	,	116.318571	,	10:26:50
User 1	,	40.006744	,	116.31856	,	10:26:55
User 1	,	40.006745	,	116.318572	,	10:27:00
User 1	,	40.006745	,	116.318581	,	10:27:05
User 1	,	40.006739	,	116.318568	,	10:27:10
User 1	,	40.006722	,	116.318548	,	10:27:15
User 1	,	40.006719	,	116.318565	,	10:27:20
User 1	,	40.006724	,	116.318625	,	10:27:25
User 1	,	40.006745	,	116.318817	,	10:27:30
User 1	,	40.006715	,	116.318884	,	10:27:35
User 1	,	40.006721	,	116.318965	,	10:27:40
User 1	,	40.006753	,	116.319072	,	10:27:45
User 1	,	40.006785	,	116.319175	,	10:27:50
User 1	,	40.00681	,	116.319239	,	10:27:55
User 1	,	40.006849	,	116.319286	,	10:28:00
User 1	,	40.006811	,	116.319309	,	10:28:05
User 1	,	40.006789	,	116.319351	,	10:28:10
User 1	,	40.006791	,	116.319398	,	10:28:15
User 1	,	40.006828	,	116.319424	,	10:28:20
User 1	,	40.006872	,	116.319419	,	10:28:25
User 1	,	40.006893	,	116.319381	,	10:28:30
User 1	,	40.006975	,	116.319294	,	10:28:35
User 1	,	40.007457	,	116.319674	,	10:28:45
User 1	,	40.007457	,	116.319674	,	10:28:48
User 1	,	40.007458	,	116.319676	,	10:28:50
User 1	,	40.007479	,	116.319695	,	10:28:55
User 1	,	40.007572	,	116.319786	,	10:29:00
User 1	,	40.007582	,	116.319816	,	10:29:05
User 1	,	40.007621	,	116.319834	,	10:29:10
User 1	,	40.007629	,	116.31989	,	10:29:15
User 1	,	40.007634	,	116.319966	,	10:29:20
User 1	,	40.007646	,	116.32005	,	10:29:25
User 1	,	40.00766	,	116.320119	,	10:29:30
User 1	,	40.007686	,	116.320243	,	10:29:35
User 1	,	40.007748	,	116.320301	,	10:29:40
User 1	,	40.007802	,	116.320389	,	10:29:45
User 1	,	40.007819	,	116.320364	,	10:29:50
User 1	,	40.007853	,	116.320343	,	10:29:55
User 1	,	40.007912	,	116.320328	,	10:30:00
User 1	,	40.007978	,	116.320325	,	10:30:05
User 1	,	40.007999	,	116.320339	,	10:30:10
User 1	,	40.008036	,	116.320394	,	10:30:15
User 1	,	40.008125	,	116.320486	,	10:30:20
User 1	,	40.008172	,	116.320571	,	10:30:25
User 1	,	40.008182	,	116.320646	,	10:30:30
User 1	,	40.008226	,	116.320738	,	10:30:35
User 1	,	40.008236	,	116.32081	,	10:30:40
User 1	,	40.008306	,	116.320851	,	10:30:45
User 1	,	40.008373	,	116.320857	,	10:30:50
User 1	,	40.008418	,	116.320872	,	10:30:55
User 1	,	40.00846	,	116.320864	,	10:31:00
User 1	,	40.008507	,	116.320918	,	10:31:05
User 1	,	40.008535	,	116.320997	,	10:31:10
User 1	,	40.008565	,	116.321079	,	10:31:15
User 1	,	40.008619	,	116.321168	,	10:31:20
User 1	,	40.008663	,	116.321249	,	10:31:25
User 1	,	40.008684	,	116.321297	,	10:31:30
User 1	,	40.008724	,	116.321395	,	10:31:35
User 1	,	40.008776	,	116.321462	,	10:31:40
User 1	,	40.008804	,	116.321504	,	10:31:45
User 1	,	40.008839	,	116.321516	,	10:31:50
User 1	,	40.008879	,	116.321555	,	10:31:55
User 1	,	40.008891	,	116.321571	,	10:32:00
User 1	,	40.008873	,	116.321615	,	10:32:05
User 1	,	40.008858	,	116.321677	,	10:32:10
User 1	,	40.008864	,	116.321766	,	10:32:15
User 1	,	40.00887	,	116.321858	,	10:32:20
User 1	,	40.008864	,	116.321933	,	10:32:25
User 1	,	40.008862	,	116.322009	,	10:32:30
User 1	,	40.008855	,	116.322087	,	10:32:35
User 1	,	40.008873	,	116.322144	,	10:32:40
User 1	,	40.008874	,	116.322234	,	10:32:45
User 1	,	40.008869	,	116.322306	,	10:32:50
User 1	,	40.008835	,	116.322331	,	10:32:55
User 1	,	40.008814	,	116.322311	,	10:33:00
User 1	,	40.008813	,	116.3223	,	10:33:05
User 1	,	40.008813	,	116.3223	,	10:33:08
User 1	,	40.008821	,	116.322297	,	10:33:10
User 1	,	40.008833	,	116.322297	,	10:33:15
User 1	,	40.008842	,	116.322298	,	10:33:20
User 1	,	40.008761	,	116.323722	,	10:44:31
User 1	,	40.008765	,	116.32369	,	10:44:36
User 1	,	40.00865	,	116.323112	,	10:44:41
User 1	,	40.008786	,	116.322741	,	10:44:46
User 1	,	40.008889	,	116.322551	,	10:44:51
User 1	,	40.008962	,	116.322462	,	10:44:56
User 1	,	40.008988	,	116.322356	,	10:45:01
User 1	,	40.009068	,	116.322259	,	10:45:06
User 1	,	40.009107	,	116.322177	,	10:45:11
User 1	,	40.009086	,	116.322088	,	10:45:16
User 1	,	40.008929	,	116.321992	,	10:45:21
User 1	,	40.008849	,	116.32191	,	10:45:26
User 1	,	40.008799	,	116.32185	,	10:45:31
User 1	,	40.008827	,	116.321784	,	10:45:36
User 1	,	40.008862	,	116.321736	,	10:45:41
User 1	,	40.008898	,	116.321695	,	10:45:46
User 1	,	40.008901	,	116.321684	,	10:45:51
User 1	,	40.008905	,	116.321683	,	10:45:56
User 1	,	40.008905	,	116.321683	,	10:45:59
User 1	,	40.008905	,	116.321682	,	10:46:01
User 1	,	40.008934	,	116.321623	,	10:46:06
User 1	,	40.008945	,	116.321551	,	10:46:11
User 1	,	40.008851	,	116.321485	,	11:08:22
User 1	,	40.008607	,	116.321862	,	11:09:22
User 1	,	40.008652	,	116.322251	,	11:09:27
User 1	,	40.008897	,	116.321603	,	11:10:27
User 1	,	40.008928	,	116.32161	,	11:10:32
User 1	,	40.009013	,	116.321431	,	11:10:37
User 1	,	40.009027	,	116.321399	,	11:10:42
User 1	,	40.009064	,	116.321326	,	11:10:47
User 1	,	40.009172	,	116.321211	,	11:10:52
User 1	,	40.009204	,	116.32113	,	11:10:57
User 1	,	40.009243	,	116.32105	,	11:11:02
User 1	,	40.009269	,	116.320978	,	11:11:07
User 1	,	40.009328	,	116.320887	,	11:11:12
User 2	,	39.907414	,	116.370017	,	13:44:07
User 2	,	39.907374	,	116.370074	,	13:44:12
User 2	,	39.907027	,	116.37036	,	13:44:17
User 2	,	39.907006	,	116.370415	,	13:44:22
User 2	,	39.907014	,	116.370454	,	13:44:27
User 2	,	39.907008	,	116.370534	,	13:44:32
User 2	,	39.906936	,	116.370624	,	13:44:37
User 2	,	39.906806	,	116.370794	,	13:44:42
User 2	,	39.906793	,	116.370909	,	13:44:47
User 2	,	39.906795	,	116.370958	,	13:44:52
User 2	,	39.906769	,	116.371029	,	13:44:57
User 2	,	39.906813	,	116.371056	,	13:45:02
User 2	,	39.906864	,	116.371095	,	13:45:07
User 2	,	39.906891	,	116.371141	,	13:45:12
User 2	,	39.906896	,	116.371178	,	13:45:17
User 2	,	39.906914	,	116.371251	,	13:45:22
User 2	,	39.9069	,	116.371313	,	13:45:27
User 2	,	39.90691	,	116.371375	,	13:45:32
User 2	,	39.906925	,	116.371432	,	13:45:37
User 2	,	39.906932	,	116.371477	,	13:45:42
User 2	,	39.906959	,	116.371526	,	13:45:47
User 2	,	39.906992	,	116.371584	,	13:45:52
User 2	,	39.907005	,	116.371673	,	13:45:57
User 2	,	39.906996	,	116.371748	,	13:46:02
User 2	,	39.906996	,	116.371831	,	13:46:07
User 2	,	39.907018	,	116.371876	,	13:46:12
User 2	,	39.907054	,	116.37189	,	13:46:17
User 2	,	39.907097	,	116.371898	,	13:46:22
User 2	,	39.907154	,	116.371955	,	13:46:27
User 2	,	39.907173	,	116.371999	,	13:46:32
User 2	,	39.907216	,	116.372037	,	13:46:37
User 2	,	39.907228	,	116.372081	,	13:46:42
User 2	,	39.907245	,	116.372126	,	13:46:47
User 2	,	39.90725	,	116.372225	,	13:46:52
User 2	,	39.907234	,	116.372296	,	13:46:57
User 2	,	39.907225	,	116.372368	,	13:47:02
User 2	,	39.907199	,	116.372445	,	13:47:07
User 2	,	39.907157	,	116.372502	,	13:47:12
User 2	,	39.907137	,	116.372553	,	13:47:17
User 2	,	39.907194	,	116.372599	,	13:47:22
User 2	,	39.907217	,	116.372634	,	13:47:27
User 2	,	39.907226	,	116.372669	,	13:47:32
User 2	,	39.90725	,	116.372718	,	13:47:37
User 2	,	39.907231	,	116.372796	,	13:47:42
User 2	,	39.907259	,	116.372845	,	13:47:47
User 2	,	39.907261	,	116.372906	,	13:47:52
User 2	,	39.907227	,	116.372973	,	13:47:57
User 2	,	39.907225	,	116.373009	,	13:48:02
User 2	,	39.907215	,	116.37304	,	13:48:07
User 2	,	39.90724	,	116.373096	,	13:48:12
User 2	,	39.907294	,	116.373124	,	13:48:17
User 2	,	39.907313	,	116.373163	,	13:48:22
User 2	,	39.907391	,	116.373175	,	13:48:27
User 2	,	39.907422	,	116.373195	,	13:48:32
User 2	,	39.907434	,	116.373237	,	13:48:37
User 3	,	39.994622	,	116.326757	,	11:54:49
User 3	,	39.994622	,	116.326757	,	11:54:52
User 3	,	39.994614	,	116.326751	,	11:54:54
User 3	,	39.994602	,	116.326769	,	11:54:59
User 3	,	39.994599	,	116.326769	,	11:55:04
User 3	,	39.994599	,	116.326769	,	11:55:07
User 3	,	39.994601	,	116.326765	,	11:55:09
User 3	,	39.994584	,	116.326731	,	11:55:14
User 3	,	39.994593	,	116.326668	,	11:55:19
User 3	,	39.994564	,	116.326612	,	11:55:24
User 3	,	39.994549	,	116.326542	,	11:55:29
User 3	,	39.994551	,	116.32651	,	11:55:34
User 3	,	39.994547	,	116.326425	,	11:55:39
User 3	,	39.994554	,	116.326341	,	11:55:44
User 3	,	39.994609	,	116.326361	,	11:55:49
User 3	,	39.994664	,	116.326391	,	11:55:54
User 3	,	39.994714	,	116.326453	,	11:55:59
User 3	,	39.99478	,	116.326489	,	11:56:04
User 3	,	39.994849	,	116.32652	,	11:56:09
User 3	,	39.994911	,	116.326568	,	11:56:14
User 3	,	39.994976	,	116.326634	,	11:56:19
User 3	,	39.995029	,	116.326678	,	11:56:24
User 3	,	39.995096	,	116.326705	,	11:56:29
User 3	,	39.99517	,	116.326729	,	11:56:34
User 3	,	39.995224	,	116.326677	,	11:56:39
User 3	,	39.995287	,	116.326372	,	11:56:44
User 3	,	39.995361	,	116.326374	,	11:56:49
User 3	,	39.995429	,	116.326381	,	11:56:54
User 3	,	39.995472	,	116.326378	,	11:56:59
User 3	,	39.995529	,	116.326376	,	11:57:04
User 3	,	39.995573	,	116.326343	,	11:57:09
User 3	,	39.995616	,	116.326277	,	11:57:14
User 3	,	39.995781	,	116.326147	,	11:57:24
User 3	,	39.999249	,	116.32586	,	11:59:09
User 3	,	39.999392	,	116.325884	,	11:59:14
User 3	,	39.999424	,	116.325782	,	11:59:19
User 3	,	39.999386	,	116.325578	,	11:59:24
User 3	,	39.999343	,	116.325373	,	11:59:29
User 3	,	39.999348	,	116.325203	,	11:59:34
User 3	,	39.999466	,	116.324843	,	11:59:44
User 3	,	39.999545	,	116.324734	,	11:59:49
User 3	,	40.007143	,	116.324088	,	12:03:59
User 3	,	40.007178	,	116.323881	,	12:04:04
User 3	,	40.007227	,	116.323653	,	12:04:09
User 3	,	40.008923	,	116.322803	,	12:05:29
User 3	,	40.00887	,	116.322512	,	12:05:34
User 3	,	40.008815	,	116.32227	,	12:05:39
User 3	,	40.008767	,	116.322068	,	12:05:44
User 3	,	40.008768	,	116.321916	,	12:05:49
User 3	,	40.008796	,	116.321834	,	12:05:54
User 4	,	39.907429	,	116.373304	,	13:48:42
User 4	,	39.90746	,	116.373375	,	13:48:47
User 4	,	39.907459	,	116.373452	,	13:48:52
User 4	,	39.90748	,	116.37352	,	13:48:57
User 4	,	39.907487	,	116.373566	,	13:49:02
User 4	,	39.906345	,	116.374616	,	13:49:07
User 4	,	39.906281	,	116.374711	,	13:49:12
User 4	,	39.906229	,	116.374798	,	13:49:17
User 4	,	39.90626	,	116.374856	,	13:49:22
User 4	,	39.906248	,	116.374961	,	13:49:27
User 4	,	39.906196	,	116.374992	,	13:49:32
User 4	,	39.906187	,	116.375031	,	13:49:37
User 4	,	39.906209	,	116.375072	,	13:49:42
User 4	,	39.906219	,	116.375111	,	13:49:47
User 4	,	39.90621	,	116.375135	,	13:49:52
User 4	,	39.906211	,	116.375148	,	13:49:57
User 4	,	39.906147	,	116.375258	,	13:50:02
User 4	,	39.906133	,	116.375284	,	13:50:07
User 4	,	39.906134	,	116.3753	,	13:50:12
User 4	,	39.906122	,	116.375351	,	13:50:17
User 4	,	39.906129	,	116.375408	,	13:50:22
User 4	,	39.906143	,	116.37546	,	13:50:27
User 4	,	39.906133	,	116.375547	,	13:50:32
User 4	,	39.906126	,	116.375616	,	13:50:37
User 4	,	39.90613	,	116.375697	,	13:50:42
User 4	,	39.906123	,	116.375791	,	13:50:47
User 4	,	39.906113	,	116.375868	,	13:50:52
User 4	,	39.906115	,	116.375911	,	13:50:57
User 4	,	39.906116	,	116.37595	,	13:51:02
User 4	,	39.906141	,	116.375976	,	13:51:07
User 4	,	39.906129	,	116.376023	,	13:51:12
User 4	,	39.906108	,	116.376071	,	13:51:17
User 4	,	39.906114	,	116.376116	,	13:51:22
User 4	,	39.906133	,	116.376161	,	13:51:27
User 4	,	39.90614	,	116.376193	,	13:51:32
User 4	,	39.906132	,	116.376237	,	13:51:37
User 4	,	39.906118	,	116.376313	,	13:51:42
User 4	,	39.906111	,	116.376416	,	13:51:47
User 4	,	39.906112	,	116.3765	,	13:51:52
User 4	,	39.906106	,	116.376565	,	13:51:57
User 4	,	39.906095	,	116.376628	,	13:52:02
User 4	,	39.906112	,	116.376701	,	13:52:07
User 4	,	39.906088	,	116.376781	,	13:52:12
User 4	,	39.906066	,	116.376862	,	13:52:17
User 4	,	39.906052	,	116.376876	,	13:52:22
User 4	,	39.906046	,	116.376899	,	13:52:27
User 4	,	39.906044	,	116.376991	,	13:52:32
User 4	,	39.906042	,	116.377071	,	13:52:37
User 4	,	39.906044	,	116.377138	,	13:52:42
User 4	,	39.906039	,	116.377192	,	13:52:47
User 4	,	39.906056	,	116.377269	,	13:52:52
User 4	,	39.906079	,	116.377318	,	13:52:57
User 4	,	39.906085	,	116.377388	,	13:53:02
User 4	,	39.906095	,	116.377438	,	13:53:07
User 4	,	39.9061	,	116.377518	,	13:53:12
User 4	,	39.906108	,	116.377585	,	13:53:17
User 4	,	39.9061	,	116.37765	,	13:53:22
User 4	,	39.906091	,	116.377708	,	13:53:27
User 4	,	39.90609	,	116.377774	,	13:53:32
User 4	,	39.906083	,	116.377839	,	13:53:37
User 4	,	39.906096	,	116.377885	,	13:53:42
User 4	,	39.906088	,	116.377939	,	13:53:47
User 4	,	39.906046	,	116.378018	,	13:53:52
User 4	,	39.906015	,	116.378108	,	13:53:57
User 4	,	39.906015	,	116.37819	,	13:54:02
User 4	,	39.906017	,	116.378269	,	13:54:07
User 4	,	39.906007	,	116.37834	,	13:54:12
User 4	,	39.906017	,	116.378413	,	13:54:17
User 4	,	39.90603	,	116.378507	,	13:54:22
User 4	,	39.906059	,	116.378572	,	13:54:27
User 4	,	39.90607	,	116.37861	,	13:54:32
User 4	,	39.906087	,	116.378654	,	13:54:37
User 4	,	39.906075	,	116.378703	,	13:54:42
User 4	,	39.906061	,	116.378761	,	13:54:47
User 4	,	39.906073	,	116.378816	,	13:54:52
User 4	,	39.90606	,	116.378871	,	13:54:57
User 4	,	39.906047	,	116.378924	,	13:55:02
User 4	,	39.906022	,	116.378986	,	13:55:07
User 4	,	39.906016	,	116.379067	,	13:55:12
User 4	,	39.906003	,	116.37913	,	13:55:17
User 4	,	39.90601	,	116.379199	,	13:55:22
User 4	,	39.906005	,	116.379238	,	13:55:27
User 4	,	39.906009	,	116.379315	,	13:55:32
User 4	,	39.906017	,	116.379387	,	13:55:37
User 4	,	39.906012	,	116.379469	,	13:55:42
User 4	,	39.906034	,	116.379531	,	13:55:47
User 4	,	39.906088	,	116.379576	,	13:55:52
User 4	,	39.906098	,	116.379594	,	13:55:57
User 4	,	39.906113	,	116.379642	,	13:56:02
User 4	,	39.906114	,	116.379674	,	13:56:07
User 4	,	39.906102	,	116.379703	,	13:56:12
User 4	,	39.906101	,	116.379724	,	13:56:17
User 4	,	39.906101	,	116.379724	,	13:56:20
User 4	,	39.906106	,	116.37973	,	13:56:22
User 4	,	39.906135	,	116.37973	,	13:56:27
User 4	,	39.906143	,	116.379773	,	13:56:32
User 4	,	39.906109	,	116.379873	,	13:56:37
User 4	,	39.906114	,	116.379932	,	13:56:42
User 4	,	39.906113	,	116.379994	,	13:56:47
User 4	,	39.906125	,	116.380064	,	13:56:52
User 4	,	39.906114	,	116.380128	,	13:56:57
User 4	,	39.906158	,	116.38017	,	13:57:02
User 4	,	39.906172	,	116.380227	,	13:57:07
User 4	,	39.906166	,	116.380291	,	13:57:12
User 4	,	39.906159	,	116.380353	,	13:57:17
User 4	,	39.906154	,	116.380417	,	13:57:22
User 4	,	39.906179	,	116.38045	,	13:57:27
User 4	,	39.906172	,	116.380527	,	13:57:32
User 4	,	39.906156	,	116.380632	,	13:57:37
User 4	,	39.906142	,	116.380695	,	13:57:42
User 4	,	39.906132	,	116.380756	,	13:57:47
User 4	,	39.906142	,	116.380808	,	13:57:52
User 4	,	39.906143	,	116.380873	,	13:57:57
User 4	,	39.906133	,	116.380946	,	13:58:02
User 4	,	39.90612	,	116.38103	,	13:58:07
User 4	,	39.906138	,	116.381078	,	13:58:12
User 4	,	39.90614	,	116.381097	,	13:58:17
User 4	,	39.906165	,	116.381143	,	13:58:22
User 4	,	39.906165	,	116.38121	,	13:58:27
User 4	,	39.906167	,	116.381252	,	13:58:32
User 4	,	39.906161	,	116.3813	,	13:58:37
User 4	,	39.90617	,	116.381338	,	13:58:42
User 4	,	39.906191	,	116.381387	,	13:58:47
User 4	,	39.906198	,	116.381482	,	13:58:52
User 4	,	39.906191	,	116.381563	,	13:58:57
User 4	,	39.906184	,	116.381639	,	13:59:02
User 4	,	39.90617	,	116.381708	,	13:59:07
User 4	,	39.906187	,	116.381752	,	13:59:12
User 4	,	39.906192	,	116.381807	,	13:59:17
User 4	,	39.906211	,	116.381874	,	13:59:22
User 4	,	39.906196	,	116.381983	,	13:59:27
User 4	,	39.906229	,	116.382045	,	13:59:32
User 4	,	39.906238	,	116.382083	,	13:59:37
User 4	,	39.906249	,	116.382162	,	13:59:42
User 4	,	39.90626	,	116.382197	,	13:59:47
User 4	,	39.90627	,	116.382225	,	13:59:52
User 4	,	39.906257	,	116.382276	,	13:59:57
User 4	,	39.906254	,	116.382336	,	14:00:02
User 4	,	39.906251	,	116.382439	,	14:00:07
User 4	,	39.906245	,	116.382477	,	14:00:12
User 4	,	39.906247	,	116.382545	,	14:00:17
User 4	,	39.906227	,	116.382635	,	14:00:22
User 4	,	39.906237	,	116.382681	,	14:00:27
User 4	,	39.906264	,	116.382738	,	14:00:32
User 4	,	39.906287	,	116.382798	,	14:00:37
User 4	,	39.906288	,	116.382844	,	14:00:42
User 4	,	39.9063	,	116.382902	,	14:00:47
User 4	,	39.906282	,	116.382982	,	14:00:52
User 4	,	39.906279	,	116.383059	,	14:00:57
User 4	,	39.906269	,	116.383125	,	14:01:02
User 4	,	39.906263	,	116.383185	,	14:01:07
User 4	,	39.906248	,	116.383257	,	14:01:12
User 4	,	39.906232	,	116.383322	,	14:01:17
User 4	,	39.906252	,	116.383389	,	14:01:22
User 4	,	39.90627	,	116.38345	,	14:01:27
User 4	,	39.906279	,	116.38347	,	14:01:32
User 4	,	39.90628	,	116.38355	,	14:01:37
User 4	,	39.906294	,	116.383588	,	14:01:42
User 4	,	39.906315	,	116.383634	,	14:01:47
User 4	,	39.906317	,	116.383692	,	14:01:52
User 4	,	39.90633	,	116.383769	,	14:01:57
User 4	,	39.906329	,	116.383862	,	14:02:02
User 4	,	39.906343	,	116.383951	,	14:02:07
User 4	,	39.906346	,	116.384057	,	14:02:12
User 4	,	39.906357	,	116.384116	,	14:02:17
User 4	,	39.906367	,	116.384197	,	14:02:22
User 4	,	39.906369	,	116.38428	,	14:02:27
User 4	,	39.906359	,	116.384351	,	14:02:32
User 4	,	39.906356	,	116.384399	,	14:02:37
User 4	,	39.906344	,	116.384454	,	14:02:42
User 4	,	39.906338	,	116.384531	,	14:02:47
User 4	,	39.906347	,	116.384596	,	14:02:52
User 4	,	39.906354	,	116.384654	,	14:02:57
User 4	,	39.906372	,	116.384714	,	14:03:02
User 4	,	39.906377	,	116.384761	,	14:03:07
User 4	,	39.906401	,	116.384798	,	14:03:12
User 4	,	39.906405	,	116.384829	,	14:03:17
User 4	,	39.906396	,	116.384906	,	14:03:22
User 4	,	39.90638	,	116.384963	,	14:03:27
User 4	,	39.906366	,	116.385039	,	14:03:32
User 4	,	39.906377	,	116.385101	,	14:03:37
User 4	,	39.906385	,	116.385165	,	14:03:42
User 4	,	39.906415	,	116.385182	,	14:03:47
User 4	,	39.906437	,	116.385295	,	14:03:52
User 4	,	39.906431	,	116.385386	,	14:03:57
User 4	,	39.906415	,	116.38544	,	14:04:02
User 4	,	39.906414	,	116.385515	,	14:04:07
User 4	,	39.906407	,	116.385584	,	14:04:12
User 4	,	39.906408	,	116.385675	,	14:04:17
User 4	,	39.906396	,	116.385732	,	14:04:22
User 4	,	39.906408	,	116.385815	,	14:04:27
User 4	,	39.906393	,	116.385882	,	14:04:32
User 4	,	39.906413	,	116.385928	,	14:04:37
User 4	,	39.906424	,	116.385975	,	14:04:42
User 4	,	39.906427	,	116.386043	,	14:04:47
User 4	,	39.906429	,	116.386108	,	14:04:52
User 4	,	39.906411	,	116.386169	,	14:04:57
User 4	,	39.9064	,	116.386229	,	14:05:02
User 4	,	39.906408	,	116.386302	,	14:05:07
User 4	,	39.906418	,	116.386385	,	14:05:12
User 4	,	39.906421	,	116.386428	,	14:05:17
User 4	,	39.906421	,	116.386487	,	14:05:22
User 4	,	39.90642	,	116.386547	,	14:05:27
User 4	,	39.906436	,	116.386657	,	14:05:32
User 4	,	39.906428	,	116.386776	,	14:05:37
User 4	,	39.906406	,	116.38689	,	14:05:42
User 4	,	39.906417	,	116.386946	,	14:05:47
User 4	,	39.906422	,	116.387009	,	14:05:52
User 4	,	39.906431	,	116.38707	,	14:05:57
User 4	,	39.906426	,	116.387104	,	14:06:02
User 4	,	39.906417	,	116.387185	,	14:06:07
User 4	,	39.906412	,	116.387236	,	14:06:12
User 4	,	39.906412	,	116.387307	,	14:06:17
User 4	,	39.906413	,	116.387389	,	14:06:22
User 4	,	39.90641	,	116.387468	,	14:06:27
User 4	,	39.906406	,	116.387537	,	14:06:32
User 4	,	39.906415	,	116.387608	,	14:06:37
User 4	,	39.906397	,	116.387674	,	14:06:42
User 4	,	39.906396	,	116.387713	,	14:06:47
User 4	,	39.906412	,	116.387775	,	14:06:52
User 4	,	39.906427	,	116.387824	,	14:06:57
User 4	,	39.90642	,	116.387902	,	14:07:02
User 4	,	39.906432	,	116.387928	,	14:07:07
User 4	,	39.906447	,	116.387992	,	14:07:12
User 4	,	39.906449	,	116.388069	,	14:07:17
User 4	,	39.906453	,	116.388086	,	14:07:22
User 4	,	39.906463	,	116.38816	,	14:07:27
User 4	,	39.90647	,	116.388208	,	14:07:32
User 4	,	39.906481	,	116.388252	,	14:07:37
User 4	,	39.90648	,	116.388301	,	14:07:42
User 4	,	39.906479	,	116.388351	,	14:07:47
User 4	,	39.90648	,	116.388409	,	14:07:52
User 4	,	39.906492	,	116.388435	,	14:07:57
User 4	,	39.906488	,	116.388504	,	14:08:02
User 4	,	39.906502	,	116.38854	,	14:08:07
User 4	,	39.906488	,	116.388619	,	14:08:12
User 4	,	39.906493	,	116.38867	,	14:08:17
User 4	,	39.906478	,	116.38872	,	14:08:22
User 4	,	39.906479	,	116.388759	,	14:08:27
User 4	,	39.90651	,	116.388821	,	14:08:32
User 4	,	39.906513	,	116.388871	,	14:08:37
User 4	,	39.906516	,	116.388925	,	14:08:42
User 4	,	39.906504	,	116.389008	,	14:08:47
User 4	,	39.906505	,	116.389117	,	14:08:52
User 4	,	39.906521	,	116.389189	,	14:08:57
User 4	,	39.906515	,	116.389271	,	14:09:02
User 4	,	39.906503	,	116.389354	,	14:09:07
User 4	,	39.906508	,	116.389422	,	14:09:12
User 4	,	39.906508	,	116.389482	,	14:09:17
User 4	,	39.906507	,	116.389532	,	14:09:22
User 4	,	39.906508	,	116.389613	,	14:09:27
User 4	,	39.906525	,	116.389691	,	14:09:32
User 4	,	39.906535	,	116.389733	,	14:09:37
User 4	,	39.906523	,	116.3898	,	14:09:42
User 4	,	39.906548	,	116.389829	,	14:09:47
User 4	,	39.906549	,	116.38991	,	14:09:52
User 4	,	39.906575	,	116.389972	,	14:09:57
User 4	,	39.906572	,	116.390041	,	14:10:02
User 4	,	39.906577	,	116.390086	,	14:10:07
User 4	,	39.906566	,	116.39015	,	14:10:12
User 4	,	39.906563	,	116.390184	,	14:10:17
User 4	,	39.906567	,	116.390237	,	14:10:22
User 4	,	39.906561	,	116.390298	,	14:10:27
User 4	,	39.906552	,	116.390386	,	14:10:32
User 4	,	39.906543	,	116.390445	,	14:10:37
User 4	,	39.906548	,	116.390524	,	14:10:42
User 4	,	39.906545	,	116.390589	,	14:10:47
User 4	,	39.906541	,	116.390652	,	14:10:52
User 4	,	39.906554	,	116.390701	,	14:10:57
User 4	,	39.90654	,	116.390729	,	14:11:02
User 4	,	39.90654	,	116.390729	,	14:11:05
User 4	,	39.906542	,	116.390736	,	14:11:07
User 4	,	39.906551	,	116.390753	,	14:11:12
User 4	,	39.906552	,	116.390746	,	14:11:17
User 4	,	39.906552	,	116.390746	,	14:11:20
User 4	,	39.906557	,	116.390744	,	14:11:22
User 4	,	39.906564	,	116.390756	,	14:11:27
User 4	,	39.906558	,	116.390787	,	14:11:32
User 4	,	39.906541	,	116.390812	,	14:11:37
User 4	,	39.906553	,	116.390879	,	14:11:42
User 4	,	39.906545	,	116.390943	,	14:11:47
User 4	,	39.906543	,	116.391008	,	14:11:52
User 4	,	39.906549	,	116.391065	,	14:11:57
User 4	,	39.906542	,	116.391143	,	14:12:02
User 4	,	39.906515	,	116.391201	,	14:12:07
User 4	,	39.906517	,	116.391276	,	14:12:12
User 4	,	39.906523	,	116.391325	,	14:12:17
User 4	,	39.906533	,	116.391411	,	14:12:22
User 4	,	39.906551	,	116.391451	,	14:12:27
User 4	,	39.906553	,	116.391523	,	14:12:32
User 4	,	39.90658	,	116.391564	,	14:12:37
User 4	,	39.906585	,	116.391623	,	14:12:42
User 4	,	39.906558	,	116.39168	,	14:12:47
User 4	,	39.906517	,	116.391751	,	14:12:52
User 4	,	39.906512	,	116.391798	,	14:12:57
User 4	,	39.906511	,	116.391882	,	14:13:02
User 4	,	39.906509	,	116.39194	,	14:13:07
User 4	,	39.906511	,	116.391997	,	14:13:12
User 4	,	39.906522	,	116.392062	,	14:13:17
User 4	,	39.906513	,	116.392124	,	14:13:22
User 4	,	39.906518	,	116.392201	,	14:13:27
User 4	,	39.906521	,	116.392264	,	14:13:32
User 4	,	39.906524	,	116.392336	,	14:13:37
User 4	,	39.906502	,	116.39241	,	14:13:42
User 4	,	39.906511	,	116.392485	,	14:13:47
User 4	,	39.906521	,	116.392511	,	14:13:52
User 4	,	39.906518	,	116.392529	,	14:13:57
User 4	,	39.906519	,	116.39253	,	14:14:02
User 4	,	39.906519	,	116.39253	,	14:14:05
User 4	,	39.906521	,	116.392532	,	14:14:07
User 4	,	39.906517	,	116.392605	,	14:14:12
User 4	,	39.906523	,	116.392679	,	14:14:17
User 4	,	39.906553	,	116.392755	,	14:14:22
User 4	,	39.906577	,	116.392837	,	14:14:27
User 4	,	39.906584	,	116.392889	,	14:14:32
User 4	,	39.90659	,	116.392952	,	14:14:37
User 4	,	39.90661	,	116.393017	,	14:14:42
User 4	,	39.906594	,	116.393105	,	14:14:47
User 4	,	39.906583	,	116.393182	,	14:14:52
User 4	,	39.906576	,	116.39323	,	14:14:57
User 4	,	39.906587	,	116.393274	,	14:15:02
User 4	,	39.90659	,	116.393343	,	14:15:07
User 4	,	39.906591	,	116.393423	,	14:15:12
User 4	,	39.906578	,	116.39351	,	14:15:17
User 4	,	39.906564	,	116.393581	,	14:15:22
User 4	,	39.904292	,	116.394204	,	14:16:57
User 4	,	39.905421	,	116.393726	,	14:17:02
User 4	,	39.905396	,	116.39368	,	14:17:07
User 4	,	39.90537	,	116.393702	,	14:17:12
User 4	,	39.905329	,	116.393672	,	14:17:17
User 4	,	39.905313	,	116.39367	,	14:17:22
User 4	,	39.905272	,	116.393644	,	14:17:27
User 4	,	39.905221	,	116.393664	,	14:17:32
User 4	,	39.905187	,	116.393671	,	14:17:37
User 4	,	39.905144	,	116.39368	,	14:17:42
User 4	,	39.90511	,	116.393681	,	14:17:47
User 4	,	39.905083	,	116.393642	,	14:17:52
User 4	,	39.90511	,	116.393613	,	14:17:57
User 4	,	39.905105	,	116.393576	,	14:18:02
User 4	,	39.905082	,	116.393568	,	14:18:07
User 4	,	39.905038	,	116.393547	,	14:18:12
User 4	,	39.905033	,	116.393582	,	14:18:17
User 4	,	39.905004	,	116.393555	,	14:18:22
User 4	,	39.904985	,	116.393576	,	14:18:27
User 4	,	39.90494	,	116.393549	,	14:18:32
User 4	,	39.904898	,	116.393548	,	14:18:37
User 4	,	39.90486	,	116.393513	,	14:18:42
User 4	,	39.904838	,	116.393498	,	14:18:47
User 4	,	39.904798	,	116.393523	,	14:18:52
User 4	,	39.904785	,	116.393521	,	14:18:57
User 4	,	39.904785	,	116.393521	,	14:19:00
User 4	,	39.904778	,	116.393518	,	14:19:02
User 4	,	39.904728	,	116.393508	,	14:19:07
User 4	,	39.904674	,	116.393491	,	14:19:12
User 4	,	39.904657	,	116.393522	,	14:19:17
User 4	,	39.904546	,	116.393512	,	14:19:22
User 4	,	39.904449	,	116.393518	,	14:19:27
User 4	,	39.904373	,	116.393509	,	14:19:32
User 4	,	39.904322	,	116.39352	,	14:19:37
User 4	,	39.904255	,	116.39349	,	14:19:42
User 4	,	39.904186	,	116.393488	,	14:19:47
User 4	,	39.904149	,	116.393491	,	14:19:52
User 4	,	39.904063	,	116.393474	,	14:19:57
User 4	,	39.903996	,	116.393465	,	14:20:02
User 4	,	39.903925	,	116.39345	,	14:20:07
User 4	,	39.90385	,	116.393436	,	14:20:12
User 4	,	39.903829	,	116.393478	,	14:20:17
User 4	,	39.903783	,	116.393463	,	14:20:22
User 4	,	39.903757	,	116.393457	,	14:20:27
User 4	,	39.903693	,	116.393401	,	14:20:32
User 4	,	39.903653	,	116.393417	,	14:20:37
User 4	,	39.903638	,	116.393459	,	14:20:42
User 4	,	39.903566	,	116.393468	,	14:20:47
User 4	,	39.903541	,	116.39346	,	14:20:52
User 4	,	39.903456	,	116.39345	,	14:20:57
User 4	,	39.903368	,	116.393431	,	14:21:02
User 4	,	39.903298	,	116.393484	,	14:21:07
User 4	,	39.903239	,	116.39347	,	14:21:12
User 4	,	39.90319	,	116.393486	,	14:21:17
User 4	,	39.903142	,	116.393512	,	14:21:22
User 4	,	39.903138	,	116.393527	,	14:21:27
User 4	,	39.903124	,	116.393546	,	14:21:32
User 4	,	39.903045	,	116.393538	,	14:21:37
User 4	,	39.903044	,	116.393513	,	14:21:42
User 4	,	39.903028	,	116.393528	,	14:21:47
User 4	,	39.903005	,	116.39352	,	14:21:52
User 4	,	39.902896	,	116.393492	,	14:21:57
User 4	,	39.902845	,	116.3935	,	14:22:02
User 4	,	39.902712	,	116.393502	,	14:22:07
User 4	,	39.902655	,	116.393509	,	14:22:12
User 4	,	39.902543	,	116.393474	,	14:22:17
User 4	,	39.902424	,	116.393475	,	14:22:22
User 4	,	39.902334	,	116.393508	,	14:22:27
User 4	,	39.902277	,	116.393508	,	14:22:32
User 4	,	39.902246	,	116.393545	,	14:22:37
User 4	,	39.902178	,	116.39357	,	14:22:42
User 4	,	39.902126	,	116.393577	,	14:22:47
User 4	,	39.902087	,	116.393566	,	14:22:52
User 4	,	39.902066	,	116.393554	,	14:22:57
User 4	,	39.902001	,	116.393531	,	14:23:02
User 4	,	39.90192	,	116.393559	,	14:23:07
User 4	,	39.901821	,	116.393555	,	14:23:12
User 4	,	39.901739	,	116.393568	,	14:23:17
User 4	,	39.90169	,	116.39361	,	14:23:22
User 4	,	39.90163	,	116.393637	,	14:23:27
User 4	,	39.901578	,	116.393625	,	14:23:32
User 4	,	39.901532	,	116.393618	,	14:23:37
User 4	,	39.901462	,	116.393628	,	14:23:42
User 4	,	39.901398	,	116.393572	,	14:23:47
User 4	,	39.901372	,	116.393558	,	14:23:52
User 4	,	39.901331	,	116.393557	,	14:23:57
User 4	,	39.901308	,	116.39355	,	14:24:02
User 4	,	39.901307	,	116.393541	,	14:24:07
User 4	,	39.901268	,	116.393612	,	14:24:12
User 4	,	39.90125	,	116.393614	,	14:24:17
User 4	,	39.901238	,	116.393612	,	14:24:22
User 4	,	39.901184	,	116.393594	,	14:24:27
User 4	,	39.901147	,	116.393583	,	14:24:32
User 4	,	39.901109	,	116.393597	,	14:24:37
User 4	,	39.901118	,	116.393636	,	14:24:42
User 4	,	39.901106	,	116.393629	,	14:24:47
User 4	,	39.901016	,	116.393574	,	14:24:52
User 4	,	39.900943	,	116.393591	,	14:24:57
User 4	,	39.900921	,	116.393623	,	14:25:02
User 4	,	39.900895	,	116.393651	,	14:25:07
User 4	,	39.900773	,	116.393677	,	14:25:12
User 4	,	39.900698	,	116.393659	,	14:25:17
User 4	,	39.900663	,	116.393648	,	14:25:22
User 4	,	39.900626	,	116.393619	,	14:25:27
User 4	,	39.900563	,	116.393621	,	14:25:32
User 4	,	39.900496	,	116.393612	,	14:25:37
User 4	,	39.900479	,	116.393618	,	14:25:42
User 4	,	39.900476	,	116.393629	,	14:25:47
User 4	,	39.900476	,	116.393629	,	14:25:50
User 4	,	39.900479	,	116.393633	,	14:25:52
User 4	,	39.900352	,	116.393636	,	14:25:57
User 4	,	39.900301	,	116.393664	,	14:26:02
User 4	,	39.900275	,	116.393656	,	14:26:07
User 4	,	39.900236	,	116.393635	,	14:26:12
User 4	,	39.900189	,	116.393646	,	14:26:17
User 4	,	39.900099	,	116.393596	,	14:26:22
User 4	,	39.900022	,	116.393667	,	14:26:27
User 4	,	39.899845	,	116.393659	,	14:26:32
User 4	,	39.899793	,	116.393666	,	14:26:37
User 4	,	39.899736	,	116.393688	,	14:26:42
User 4	,	39.89961	,	116.393691	,	14:26:47
User 4	,	39.899524	,	116.393693	,	14:26:52
User 4	,	39.899475	,	116.39369	,	14:26:57
User 4	,	39.899379	,	116.393683	,	14:27:02
User 4	,	39.89941	,	116.393597	,	14:27:07
User 4	,	39.899438	,	116.393563	,	14:27:12
User 4	,	39.899476	,	116.393558	,	14:27:17
User 4	,	39.899515	,	116.393559	,	14:27:22
User 4	,	39.899538	,	116.393563	,	14:27:27
User 4	,	39.899547	,	116.39358	,	14:27:32
User 4	,	39.899558	,	116.393589	,	14:27:37
User 4	,	39.899578	,	116.39355	,	14:27:42
User 4	,	39.899587	,	116.393497	,	14:27:47
User 4	,	39.899283	,	116.393428	,	14:28:27
User 4	,	39.899297	,	116.393156	,	14:28:32
User 4	,	39.89927	,	116.393218	,	14:28:37
User 4	,	39.899239	,	116.393183	,	14:28:42
User 4	,	39.899238	,	116.393162	,	14:28:47
User 4	,	39.899244	,	116.393152	,	14:28:52
User 4	,	39.899208	,	116.393132	,	14:28:57
User 4	,	39.899181	,	116.393109	,	14:29:02
User 4	,	39.899131	,	116.39309	,	14:29:07
User 4	,	39.899078	,	116.393068	,	14:29:12
User 4	,	39.899044	,	116.393034	,	14:29:17
User 4	,	39.899023	,	116.392988	,	14:29:22
User 4	,	39.899023	,	116.392883	,	14:29:27
User 4	,	39.899005	,	116.392817	,	14:29:32
User 4	,	39.899016	,	116.392808	,	14:29:37
User 4	,	39.899022	,	116.39283	,	14:29:42
User 4	,	39.899059	,	116.392859	,	14:29:47
User 4	,	39.8991	,	116.392847	,	14:29:52
User 4	,	39.899112	,	116.392814	,	14:29:57
User 4	,	39.899081	,	116.392745	,	14:30:02
User 4	,	39.899049	,	116.392693	,	14:30:07
User 4	,	39.898307	,	116.392142	,	14:31:52
User 4	,	39.898416	,	116.392353	,	14:31:57
User 4	,	39.898417	,	116.392721	,	14:32:02
User 4	,	39.898422	,	116.392844	,	14:32:07
User 4	,	39.898405	,	116.392847	,	14:32:12
User 4	,	39.898384	,	116.392851	,	14:32:17
User 4	,	39.898345	,	116.392851	,	14:32:22
User 4	,	39.898305	,	116.392854	,	14:32:27
User 4	,	39.89828	,	116.392865	,	14:32:32
User 4	,	39.898261	,	116.392877	,	14:32:37
User 4	,	39.898241	,	116.392887	,	14:32:42
User 4	,	39.898219	,	116.392883	,	14:32:47
User 4	,	39.898209	,	116.392873	,	14:32:52
User 4	,	39.898197	,	116.392873	,	14:32:57
User 4	,	39.898197	,	116.392873	,	14:33:00
User 4	,	39.898205	,	116.392871	,	14:33:02
User 4	,	39.898237	,	116.39284	,	14:33:07
User 4	,	39.898238	,	116.392802	,	14:33:12
User 4	,	39.898045	,	116.392679	,	14:33:17
User 4	,	39.897907	,	116.392556	,	14:33:22
User 4	,	39.8978	,	116.392476	,	14:33:27
User 4	,	39.897742	,	116.392397	,	14:33:32
User 4	,	39.89772	,	116.392306	,	14:33:37
User 4	,	39.897735	,	116.392212	,	14:33:42
User 4	,	39.897703	,	116.392135	,	14:33:47
User 4	,	39.897672	,	116.392059	,	14:33:52
User 4	,	39.897615	,	116.392003	,	14:33:57
User 4	,	39.897551	,	116.391971	,	14:34:02
User 4	,	39.897567	,	116.391906	,	14:34:07
User 4	,	39.89761	,	116.39183	,	14:34:12
User 4	,	39.897541	,	116.391751	,	14:34:17
User 4	,	39.89754	,	116.391724	,	14:34:22
User 4	,	39.897542	,	116.3917	,	14:34:27
User 4	,	39.897553	,	116.391686	,	14:34:32
User 4	,	39.897546	,	116.391679	,	14:34:37
User 4	,	39.897546	,	116.391679	,	14:34:40
User 4	,	39.897547	,	116.391686	,	14:34:42
User 4	,	39.897549	,	116.391698	,	14:34:47
User 4	,	39.897549	,	116.391698	,	14:34:50
User 4	,	39.897542	,	116.391704	,	14:34:52
User 4	,	39.897524	,	116.391747	,	14:34:57
User 4	,	39.897505	,	116.391771	,	14:35:02
User 4	,	39.897505	,	116.391771	,	14:35:05
User 4	,	39.897507	,	116.391774	,	14:35:07
User 4	,	39.897512	,	116.391785	,	14:35:12
User 4	,	39.897478	,	116.391746	,	14:35:17
User 4	,	39.897466	,	116.391711	,	14:35:22
User 4	,	39.897445	,	116.391681	,	14:35:27
User 4	,	39.897419	,	116.391661	,	14:35:32
User 4	,	39.897419	,	116.391661	,	14:35:35
User 4	,	39.897422	,	116.391659	,	14:35:37
User 4	,	39.897426	,	116.391648	,	14:35:42
User 4	,	39.897416	,	116.391656	,	14:35:47
User 4	,	39.897428	,	116.391651	,	14:35:52
User 4	,	39.897429	,	116.39165	,	14:35:57
User 4	,	39.897429	,	116.39165	,	14:36:00
User 4	,	39.897434	,	116.391645	,	14:36:02
User 4	,	39.897362	,	116.391625	,	14:36:07
User 4	,	39.897372	,	116.39164	,	14:36:12
User 4	,	39.897462	,	116.391612	,	14:36:17
User 4	,	39.897518	,	116.391547	,	14:36:22
User 4	,	39.897527	,	116.391495	,	14:36:27
User 4	,	39.897575	,	116.391453	,	14:36:32
User 4	,	39.89762	,	116.391418	,	14:36:37
User 4	,	39.897658	,	116.39139	,	14:36:42
User 4	,	39.897673	,	116.391337	,	14:36:47
User 4	,	39.897657	,	116.391234	,	14:36:52
User 4	,	39.897675	,	116.391189	,	14:36:57
User 4	,	39.897687	,	116.39112	,	14:37:02
User 4	,	39.897717	,	116.391064	,	14:37:07
User 4	,	39.897751	,	116.390968	,	14:37:12
User 4	,	39.897764	,	116.390867	,	14:37:17
User 4	,	39.89778	,	116.390813	,	14:37:22
User 4	,	39.89782	,	116.390752	,	14:37:27
User 4	,	39.897857	,	116.39069	,	14:37:32
User 4	,	39.89789	,	116.390631	,	14:37:37
User 4	,	39.897918	,	116.390537	,	14:37:42
User 4	,	39.897938	,	116.390499	,	14:37:47
User 4	,	39.897951	,	116.390432	,	14:37:52
User 4	,	39.897958	,	116.390393	,	14:37:57
User 4	,	39.897975	,	116.390372	,	14:38:02
User 4	,	39.897985	,	116.39038	,	14:38:07
User 4	,	39.897983	,	116.390404	,	14:38:12
User 4	,	39.898168	,	116.390323	,	14:38:57
User 4	,	39.898094	,	116.390087	,	14:39:02
User 4	,	39.898107	,	116.389829	,	14:39:07
User 4	,	39.898043	,	116.389669	,	14:39:12
User 4	,	39.898003	,	116.389611	,	14:39:17
User 4	,	39.897956	,	116.389586	,	14:39:22
User 4	,	39.897934	,	116.38954	,	14:39:27
User 4	,	39.897922	,	116.389476	,	14:39:32
User 4	,	39.897856	,	116.389462	,	14:39:37
User 4	,	39.897829	,	116.389429	,	14:39:42
User 4	,	39.897789	,	116.389394	,	14:39:47
User 4	,	39.897725	,	116.389345	,	14:39:52
User 4	,	39.897636	,	116.389309	,	14:39:57
User 4	,	39.897552	,	116.389288	,	14:40:02
User 4	,	39.897493	,	116.389266	,	14:40:07
User 4	,	39.89746	,	116.389208	,	14:40:12
User 4	,	39.897433	,	116.389152	,	14:40:17
User 4	,	39.897415	,	116.389071	,	14:40:22
User 4	,	39.897424	,	116.389072	,	14:40:27
User 4	,	39.897434	,	116.389086	,	14:40:32
User 4	,	39.890553	,	116.38828	,	14:42:57
User 4	,	39.88985	,	116.388581	,	14:43:02
User 4	,	39.889387	,	116.388412	,	14:43:07
User 4	,	39.889107	,	116.387982	,	14:43:12
User 4	,	39.888919	,	116.387519	,	14:43:17
User 4	,	39.888766	,	116.387035	,	14:43:22
User 4	,	39.887811	,	116.358262	,	14:47:57
User 4	,	39.888135	,	116.357553	,	14:48:02
User 4	,	39.887985	,	116.357414	,	14:48:07
User 4	,	39.887563	,	116.357614	,	14:48:12
User 4	,	39.887244	,	116.357767	,	14:48:17
User 4	,	39.887205	,	116.357897	,	14:48:22
User 4	,	39.887183	,	116.358038	,	14:48:27
User 4	,	39.88716	,	116.358174	,	14:48:32
User 4	,	39.887134	,	116.358309	,	14:48:37
User 4	,	39.887104	,	116.358404	,	14:48:42
User 4	,	39.887157	,	116.35841	,	14:48:47
User 4	,	39.887264	,	116.358372	,	14:48:52
User 4	,	39.887335	,	116.358451	,	14:48:57
User 4	,	39.888015	,	116.350022	,	14:49:37
User 4	,	39.888129	,	116.349224	,	14:49:42
User 4	,	39.888175	,	116.348258	,	14:49:47
User 4	,	39.888217	,	116.347311	,	14:49:52
User 4	,	39.888301	,	116.346335	,	14:49:57
User 4	,	39.888389	,	116.345375	,	14:50:02
User 4	,	39.88843	,	116.34445	,	14:50:07
User 4	,	39.88849	,	116.343651	,	14:50:12
User 4	,	39.888551	,	116.343034	,	14:50:17
User 4	,	39.88861	,	116.342542	,	14:50:22
User 4	,	39.888807	,	116.342226	,	14:50:27
User 4	,	39.889253	,	116.342205	,	14:50:32
User 4	,	39.889537	,	116.342008	,	14:50:37
User 4	,	39.889912	,	116.342044	,	14:50:42
User 4	,	39.890377	,	116.342122	,	14:50:47
User 4	,	39.890827	,	116.342177	,	14:50:52
User 4	,	39.891336	,	116.342296	,	14:50:57
User 4	,	39.891845	,	116.342338	,	14:51:02
User 4	,	39.892343	,	116.342358	,	14:51:07
User 4	,	39.892854	,	116.342369	,	14:51:12
User 4	,	39.893374	,	116.342427	,	14:51:17
User 4	,	39.893862	,	116.342512	,	14:51:22
User 4	,	39.894285	,	116.342555	,	14:51:27
User 4	,	39.894708	,	116.342596	,	14:51:32
User 4	,	39.895131	,	116.342596	,	14:51:37
User 4	,	39.895542	,	116.342573	,	14:51:42
User 4	,	39.895956	,	116.342544	,	14:51:47
User 4	,	39.896292	,	116.342467	,	14:51:52
User 4	,	39.896624	,	116.342434	,	14:51:57
User 4	,	39.896958	,	116.342386	,	14:52:02
User 4	,	39.897252	,	116.34234	,	14:52:07
User 4	,	39.89744	,	116.342472	,	14:52:12
User 4	,	39.897554	,	116.342803	,	14:52:17
User 4	,	39.897622	,	116.343181	,	14:52:22
User 4	,	39.897317	,	116.343296	,	14:52:27
User 4	,	39.896906	,	116.343324	,	14:52:32
User 4	,	39.8964	,	116.343194	,	14:52:37
User 4	,	39.896164	,	116.342628	,	14:52:42
User 4	,	39.896311	,	116.341556	,	14:52:47
User 4	,	39.896427	,	116.340485	,	14:52:52
User 4	,	39.896524	,	116.339345	,	14:52:57
User 4	,	39.896482	,	116.338167	,	14:53:02
User 4	,	39.896446	,	116.336906	,	14:53:07
User 4	,	39.896348	,	116.335752	,	14:53:12
User 4	,	39.896242	,	116.334644	,	14:53:17
User 4	,	39.896151	,	116.333527	,	14:53:22
User 4	,	39.896157	,	116.332469	,	14:53:27
User 4	,	39.896198	,	116.33137	,	14:53:32
User 4	,	39.896107	,	116.330137	,	14:53:37
User 4	,	39.895958	,	116.328822	,	14:53:42
User 4	,	39.895851	,	116.327588	,	14:53:47
User 4	,	39.895688	,	116.326348	,	14:53:52
User 4	,	39.895536	,	116.325104	,	14:53:57
User 4	,	39.895452	,	116.323818	,	14:54:02
User 4	,	39.895459	,	116.322583	,	14:54:07
User 4	,	39.895494	,	116.321381	,	14:54:12
User 4	,	39.895564	,	116.320212	,	14:54:17
User 4	,	39.895604	,	116.319046	,	14:54:22
User 4	,	39.895596	,	116.317907	,	14:54:27
User 4	,	39.895557	,	116.316767	,	14:54:32
User 4	,	39.895524	,	116.315621	,	14:54:37
User 4	,	39.906329	,	116.305087	,	14:57:02
User 4	,	39.907606	,	116.304866	,	14:57:07
User 4	,	39.908973	,	116.30463	,	14:57:12
User 4	,	39.909989	,	116.304525	,	14:57:17
User 4	,	39.910792	,	116.304573	,	14:57:22
User 4	,	39.911518	,	116.30458	,	14:57:27
User 4	,	39.912295	,	116.304531	,	14:57:32
User 4	,	39.913239	,	116.304353	,	14:57:37
User 4	,	39.914398	,	116.303982	,	14:57:42
User 4	,	39.915454	,	116.303666	,	14:57:47
User 4	,	39.916244	,	116.303502	,	14:57:52
User 4	,	39.916733	,	116.303511	,	14:57:57
User 4	,	39.917003	,	116.303706	,	14:58:02
User 4	,	39.917034	,	116.304053	,	14:58:07
User 4	,	39.917695	,	116.303979	,	14:58:12
User 4	,	39.923903	,	116.30109	,	14:58:32
User 4	,	39.921621	,	116.31333	,	14:59:47
User 4	,	39.921726	,	116.314124	,	14:59:52
User 4	,	39.921752	,	116.314912	,	14:59:57
User 4	,	39.921727	,	116.315631	,	15:00:02
User 4	,	39.921654	,	116.316311	,	15:00:07
User 4	,	39.924984	,	116.321619	,	15:03:37
User 4	,	39.925771	,	116.320944	,	15:03:42
User 4	,	39.926631	,	116.320306	,	15:03:47
User 4	,	39.926547	,	116.320323	,	15:03:52
User 4	,	39.926519	,	116.320339	,	15:03:57
User 4	,	39.926514	,	116.320361	,	15:04:02
User 4	,	39.926426	,	116.320399	,	15:04:07